Date,Open,High,Low,Close
2016-01-04,2.918,2.985,2.895,2.985
2016-01-05,2.994,3.027,2.945,2.964
2016-01-07,2.952,2.982,2.91,2.978
2016-01-08,2.984,3.006,2.899,2.934
2016-01-11,2.922,2.959,2.887,2.947
2016-01-12,2.972,2.976,2.895,2.913
2016-01-13,2.886,2.886,2.794,2.832
2016-01-14,2.864,2.947,2.801,2.936
2016-01-15,2.929,3.033,2.929,2.994
2016-01-18,2.998,3.275,2.963,3.211
2016-01-19,3.213,3.215,3.11,3.137
2016-01-20,3.127,3.165,3.078,3.142
2016-01-21,3.207,3.217,3.116,3.127
2016-01-22,3.142,3.152,3.076,3.118
2016-01-25,3.115,3.152,3.065,3.152
2016-01-26,3.318,3.377,3.229,3.229
2016-01-27,3.246,3.246,3.178,3.205
2016-01-28,3.194,3.207,3.129,3.17
2016-01-29,3.135,3.182,3.119,3.153
2016-02-01,3.147,3.226,3.147,3.178
2016-02-02,3.201,3.204,3.165,3.165
2016-02-03,3.188,3.188,3.171,3.171
2016-02-04,3.183,3.183,3.148,3.148
2016-02-05,3.171,3.171,3.089,3.124
2016-02-08,3.119,3.153,3.082,3.142
2016-02-09,3.142,3.2,3.142,3.18
2016-02-10,3.18,3.18,3.121,3.121
2016-02-11,3.121,3.143,3.11,3.113
2016-02-12,3.098,3.102,3.043,3.055
2016-02-15,3.088,3.089,3.043,3.043
2016-02-16,3.043,3.081,3.043,3.046
2016-02-17,3.032,3.048,3.003,3.02
2016-02-18,3.015,3.015,2.963,2.963
2016-02-19,2.951,2.992,2.928,2.951
2016-02-22,2.969,2.969,2.927,2.927
2016-02-23,2.94,2.968,2.92,2.92
2016-02-24,2.928,2.928,2.865,2.894
2016-02-25,2.894,2.918,2.894,2.915
2016-02-26,2.915,2.964,2.905,2.961
2016-02-29,2.952,2.958,2.934,2.946
2016-03-01,2.952,2.964,2.941,2.946
2016-03-02,2.988,2.999,2.988,2.998
2016-03-03,3.058,3.058,3.022,3.022
2016-03-04,3.026,3.064,2.982,2.982
2016-03-07,2.982,2.982,2.947,2.947
2016-03-08,2.945,2.946,2.912,2.912
2016-03-09,2.889,2.936,2.889,2.895
2016-03-10,2.901,2.913,2.855,2.888
2016-03-11,2.914,2.914,2.863,2.873
2016-03-14,2.884,2.884,2.852,2.869
2016-03-15,2.869,2.884,2.869,2.884
2016-03-16,2.884,2.963,2.884,2.925
2016-03-17,2.925,2.925,2.827,2.845
2016-03-18,2.845,2.845,2.793,2.804
2016-03-21,2.821,2.841,2.809,2.835
2016-03-22,2.831,2.859,2.821,2.853
2016-03-23,2.851,2.897,2.851,2.876
2016-03-24,2.876,2.883,2.835,2.883
2016-03-29,2.884,2.892,2.851,2.851
2016-03-30,2.819,2.858,2.819,2.858
2016-03-31,2.858,2.869,2.826,2.828
2016-04-01,2.843,2.854,2.812,2.817
2016-04-04,2.818,2.851,2.818,2.85
2016-04-05,2.851,2.864,2.842,2.864
2016-04-06,2.868,2.889,2.868,2.882
2016-04-07,2.882,2.933,2.882,2.921
2016-04-08,2.951,2.962,2.899,2.91
2016-04-11,2.922,2.922,2.887,2.896
2016-04-12,2.896,2.937,2.896,2.901
2016-04-13,2.939,2.956,2.924,2.934
2016-04-14,2.93,2.987,2.93,2.987
2016-04-15,2.979,2.99,2.946,2.963
2016-04-18,2.981,2.981,2.952,2.961
2016-04-19,2.963,2.974,2.94,2.946
2016-04-20,2.94,2.94,2.933,2.94
2016-04-21,2.928,2.999,2.928,2.999
2016-04-22,2.999,3.048,2.997,3.039
2016-04-25,3.042,3.059,3.042,3.059
2016-04-26,3.065,3.108,3.065,3.108
2016-04-27,3.108,3.108,3.077,3.077
2016-04-28,3.085,3.085,3.02,3.031
2016-04-29,3.076,3.076,3.056,3.07
2016-05-02,3.085,3.104,3.085,3.104
2016-05-04,3.104,3.104,3.089,3.101
2016-05-05,3.119,3.15,3.119,3.135
2016-05-06,3.118,3.12,3.066,3.098
2016-05-09,3.091,3.091,3.06,3.06
2016-05-10,3.061,3.061,3.037,3.043
2016-05-11,3.047,3.047,3.017,3.039
2016-05-12,3.002,3.02,2.99,2.996
2016-05-13,3.007,3.02,2.978,2.996
2016-05-16,2.924,2.949,2.924,2.931
2016-05-17,2.922,2.937,2.911,2.933
2016-05-18,2.927,3.009,2.927,3.009
2016-05-19,3.025,3.072,3.025,3.038
2016-05-20,3.035,3.049,3.021,3.049
2016-05-23,3.08,3.108,3.08,3.104
2016-05-24,3.114,3.118,3.102,3.113
2016-05-25,3.111,3.117,3.064,3.072
2016-05-27,3.069,3.069,3.041,3.051
2016-05-30,3.077,3.107,3.075,3.107
2016-05-31,3.11,3.113,3.089,3.113
2016-06-01,3.109,3.143,3.1,3.136
2016-06-02,3.144,3.173,3.143,3.16
2016-06-03,3.16,3.185,3.124,3.124
2016-06-06,3.137,3.196,3.131,3.186
2016-06-07,3.197,3.197,3.155,3.165
2016-06-08,3.155,3.16,3.086,3.089
2016-06-09,3.096,3.096,3.059,3.065
2016-06-10,3.071,3.122,3.071,3.105
2016-06-13,3.127,3.218,3.114,3.218
2016-06-14,3.176,3.296,3.176,3.269
2016-06-15,3.296,3.303,3.262,3.278
2016-06-16,3.328,3.328,3.263,3.264
2016-06-17,3.286,3.286,3.207,3.207
2016-06-20,3.101,3.109,3.059,3.06
2016-06-21,3.06,3.123,3.06,3.121
2016-06-22,3.094,3.137,3.031,3.031
2016-06-23,3.042,3.061,3.024,3.037
2016-06-24,3.011,3.259,3.011,3.235
2016-06-27,3.19,3.19,3.062,3.062
2016-06-28,3.06,3.074,3.008,3.068
2016-06-29,3.014,3.014,2.93,2.931
2016-06-30,2.929,2.981,2.925,2.941
2016-07-01,2.836,2.887,2.83,2.887
2016-07-04,2.894,2.919,2.89,2.895
2016-07-05,2.937,2.943,2.859,2.861
2016-07-06,2.852,2.874,2.852,2.874
2016-07-07,2.887,2.982,2.887,2.946
2016-07-08,2.936,2.937,2.888,2.892
2016-07-11,2.896,2.896,2.838,2.865
2016-07-12,2.853,2.878,2.757,2.87
2016-07-13,2.849,2.885,2.849,2.856
2016-07-14,2.866,2.923,2.866,2.922
2016-07-15,2.937,2.938,2.919,2.926
2016-07-18,2.947,2.947,2.893,2.897
2016-07-19,2.898,2.911,2.886,2.909
2016-07-20,2.93,2.942,2.899,2.917
2016-07-21,2.969,2.969,2.931,2.963
2016-07-22,2.933,2.939,2.89,2.913
2016-07-25,2.957,2.959,2.919,2.933
2016-07-26,2.928,2.928,2.896,2.912
2016-07-27,2.924,2.933,2.892,2.892
2016-07-28,2.904,2.93,2.892,2.913
2016-07-29,2.941,2.982,2.922,2.922
2016-08-01,2.88,2.88,2.818,2.841
2016-08-02,2.824,2.85,2.791,2.827
2016-08-03,2.856,2.856,2.746,2.763
2016-08-04,2.767,2.78,2.73,2.73
2016-08-05,2.724,2.78,2.724,2.756
2016-08-08,2.771,2.771,2.752,2.771
2016-08-09,2.792,2.792,2.719,2.742
2016-08-10,2.709,2.71,2.67,2.675
2016-08-11,2.687,2.697,2.684,2.684
2016-08-12,2.691,2.718,2.627,2.662
2016-08-16,2.639,2.704,2.639,2.7
2016-08-17,2.704,2.756,2.704,2.726
2016-08-18,2.71,2.723,2.677,2.692
2016-08-19,2.692,2.694,2.663,2.68
2016-08-22,2.68,2.68,2.662,2.662
2016-08-23,2.675,2.693,2.671,2.684
2016-08-24,2.681,2.685,2.663,2.663
2016-08-25,2.678,2.704,2.666,2.684
2016-08-26,2.678,2.708,2.671,2.692
2016-08-29,2.754,2.757,2.707,2.707
2016-08-30,2.701,2.746,2.701,2.746
2016-08-31,2.763,2.799,2.757,2.784
2016-09-01,2.772,2.817,2.772,2.803
2016-09-02,2.849,2.885,2.837,2.871
2016-09-05,2.937,2.961,2.865,2.879
2016-09-06,2.907,2.907,2.805,2.811
2016-09-07,2.796,2.796,2.748,2.748
2016-09-08,2.776,2.8,2.758,2.788
2016-09-09,2.848,2.876,2.842,2.876
2016-09-12,2.915,2.954,2.88,2.884
2016-09-13,2.902,2.902,2.849,2.896
2016-09-14,2.962,2.962,2.914,2.927
2016-09-15,2.901,2.944,2.901,2.938
2016-09-16,2.92,2.934,2.9,2.926
2016-09-19,2.975,2.975,2.902,2.902
2016-09-20,2.905,2.914,2.867,2.867
2016-09-21,2.864,2.88,2.848,2.863
2016-09-22,2.859,2.859,2.759,2.771
2016-09-23,2.766,2.795,2.766,2.793
2016-09-26,2.811,2.819,2.795,2.811
2016-09-27,2.837,2.837,2.788,2.819
2016-09-28,2.825,2.881,2.819,2.861
2016-09-29,2.885,2.913,2.867,2.913
2016-09-30,2.928,2.956,2.908,2.919
2016-10-03,2.914,2.916,2.878,2.878
2016-10-04,2.904,2.904,2.866,2.885
2016-10-05,2.946,2.957,2.928,2.941
2016-10-06,3,3.01,2.965,3.01
2016-10-07,3.054,3.094,3.038,3.047
2016-10-10,3.063,3.063,3.02,3.057
2016-10-11,3.082,3.141,3.06,3.069
2016-10-12,3.079,3.113,3.042,3.062
2016-10-13,3.058,3.058,3.027,3.039
2016-10-14,3.029,3.059,3.029,3.046
2016-10-17,3.076,3.095,3.069,3.07
2016-10-18,3.067,3.07,3.027,3.041
2016-10-19,3.035,3.038,2.954,2.984
2016-10-20,2.977,3.003,2.944,2.948
2016-10-21,2.958,3.003,2.938,2.954
2016-10-24,2.942,2.964,2.93,2.952
2016-10-25,2.964,3.028,2.964,3.01
2016-10-26,2.997,3.047,2.997,3.047
2016-10-27,3.067,3.147,3.067,3.132
2016-10-28,3.153,3.191,3.088,3.134
2016-10-31,3.13,3.135,3.11,3.115
2016-11-02,3.095,3.099,3.09,3.096
2016-11-03,3.101,3.126,3.092,3.097
2016-11-04,3.097,3.097,3.051,3.053
2016-11-07,3.078,3.078,3.047,3.067
2016-11-08,3.067,3.067,3.067,3.067
2016-11-09,3.108,3.186,3.099,3.186
2016-11-10,3.256,3.4,3.216,3.351
2016-11-14,3.493,3.568,3.444,3.512
2016-11-15,3.512,3.52,3.41,3.477
2016-11-16,3.507,3.647,3.507,3.598
2016-11-17,3.598,3.65,3.521,3.65
2016-11-18,3.658,3.751,3.645,3.661
2016-11-21,3.707,3.717,3.586,3.586
2016-11-22,3.576,3.576,3.48,3.534
2016-11-23,3.53,3.679,3.477,3.646
2016-11-24,3.646,3.678,3.61,3.612
2016-11-25,3.606,3.625,3.559,3.566
2016-11-28,3.565,3.565,3.469,3.503
2016-11-29,3.503,3.621,3.503,3.595
2016-11-30,3.589,3.684,3.563,3.646
2016-12-01,3.649,3.824,3.649,3.782
2016-12-02,3.789,3.83,3.756,3.783
2016-12-05,3.857,3.884,3.743,3.776
2016-12-06,3.756,3.756,3.637,3.637
2016-12-07,3.63,3.637,3.515,3.532
2016-12-08,3.541,3.658,3.541,3.607
2016-12-09,3.623,3.653,3.588,3.625
2016-12-12,3.644,3.644,3.644,3.644
2016-12-13,3.644,3.644,3.556,3.566
2016-12-14,3.564,3.564,3.473,3.475
2016-12-15,3.574,3.607,3.524,3.534
2016-12-16,3.524,3.524,3.43,3.466
2016-12-19,3.485,3.485,3.411,3.411
2016-12-20,3.411,3.451,3.411,3.45
2016-12-21,3.454,3.454,3.419,3.431
2016-12-22,3.424,3.451,3.421,3.451
2016-12-23,3.451,3.455,3.44,3.446
2016-12-27,3.442,3.442,3.442,3.442
2016-12-28,3.442,3.468,3.442,3.468
2016-12-29,3.468,3.534,3.468,3.53
2016-12-30,3.548,3.711,3.548,3.631
2017-01-03,3.684,3.779,3.671,3.765
2017-01-04,3.761,3.776,3.715,3.736
2017-01-05,3.706,3.718,3.686,3.686
2017-01-09,3.747,3.747,3.676,3.676
2017-01-10,3.737,3.737,3.567,3.587
2017-01-11,3.567,3.583,3.53,3.583
2017-01-12,3.559,3.601,3.489,3.595
2017-01-13,3.602,3.668,3.575,3.668
2017-01-16,3.625,3.653,3.583,3.622
2017-01-17,3.63,3.637,3.578,3.619
2017-01-18,3.625,3.652,3.612,3.628
2017-01-19,3.628,3.712,3.628,3.712
2017-01-20,3.697,3.742,3.697,3.739
2017-01-23,3.76,3.76,3.698,3.698
2017-01-24,3.721,3.721,3.684,3.711
2017-01-25,3.684,3.759,3.684,3.733
2017-01-26,3.785,3.865,3.783,3.855
2017-01-27,3.862,3.894,3.821,3.828
2017-01-30,3.859,3.859,3.792,3.794
2017-01-31,3.866,3.926,3.866,3.872
2017-02-01,3.888,3.89,3.862,3.873
2017-02-02,3.873,3.879,3.827,3.827
2017-02-03,3.827,3.828,3.764,3.773
2017-02-06,3.762,3.784,3.704,3.782
2017-02-07,3.768,3.838,3.759,3.834
2017-02-08,3.827,3.828,3.767,3.78
2017-02-09,3.795,3.795,3.753,3.792
2017-02-10,3.793,3.875,3.793,3.835
2017-02-13,3.835,3.896,3.835,3.89
2017-02-14,3.886,3.886,3.83,3.863
2017-02-15,3.891,3.919,3.864,3.883
2017-02-16,3.909,3.93,3.834,3.846
2017-02-17,3.845,3.847,3.807,3.831
2017-02-20,3.88,3.88,3.828,3.838
2017-02-21,3.847,3.916,3.836,3.855
2017-02-22,3.886,3.896,3.841,3.895
2017-02-23,3.925,3.926,3.823,3.837
2017-02-24,3.83,3.853,3.785,3.812
2017-02-27,3.843,3.849,3.786,3.825
2017-02-28,3.838,3.852,3.799,3.821
2017-03-01,3.845,3.87,3.831,3.846
2017-03-02,3.852,3.858,3.752,3.764
2017-03-03,3.737,3.767,3.718,3.728
2017-03-06,3.747,3.748,3.674,3.701
2017-03-07,3.707,3.729,3.697,3.71
2017-03-08,3.712,3.784,3.697,3.739
2017-03-09,3.768,3.768,3.713,3.739
2017-03-10,3.777,3.791,3.72,3.748
2017-03-13,3.745,3.752,3.714,3.724
2017-03-14,3.747,3.771,3.729,3.753
2017-03-15,3.773,3.774,3.742,3.747
2017-03-16,3.729,3.738,3.705,3.734
2017-03-17,3.729,3.781,3.729,3.749
2017-03-20,3.761,3.761,3.734,3.735
2017-03-21,3.749,3.749,3.706,3.706
2017-03-22,3.679,3.679,3.582,3.611
2017-03-23,3.622,3.627,3.555,3.575
2017-03-24,3.592,3.598,3.559,3.567
2017-03-27,3.549,3.56,3.518,3.535
2017-03-28,3.538,3.598,3.524,3.555
2017-03-29,3.526,3.598,3.526,3.542
2017-03-30,3.537,3.548,3.497,3.529
2017-03-31,3.52,3.546,3.491,3.507
2017-04-03,3.496,3.5,3.431,3.469
2017-04-04,3.425,3.456,3.421,3.456
2017-04-05,3.445,3.489,3.445,3.476
2017-04-06,3.465,3.492,3.447,3.459
2017-04-07,3.469,3.493,3.44,3.477
2017-04-10,3.503,3.504,3.483,3.499
2017-04-11,3.496,3.497,3.457,3.47
2017-04-12,3.443,3.478,3.443,3.45
2017-04-13,3.444,3.46,3.386,3.397
2017-04-18,3.434,3.434,3.379,3.38
2017-04-19,3.382,3.382,3.354,3.362
2017-04-20,3.403,3.439,3.379,3.412
2017-04-21,3.429,3.438,3.403,3.427
2017-04-24,3.468,3.468,3.394,3.418
2017-04-25,3.414,3.489,3.414,3.468
2017-04-26,3.467,3.494,3.451,3.476
2017-04-27,3.464,3.473,3.411,3.427
2017-04-28,3.409,3.473,3.409,3.442
2017-05-02,3.479,3.516,3.449,3.456
2017-05-04,3.488,3.509,3.469,3.479
2017-05-05,3.48,3.508,3.46,3.478
2017-05-08,3.479,3.486,3.439,3.469
2017-05-09,3.478,3.495,3.461,3.48
2017-05-10,3.478,3.489,3.405,3.406
2017-05-11,3.43,3.436,3.378,3.381
2017-05-12,3.37,3.37,3.295,3.318
2017-05-15,3.322,3.378,3.317,3.373
2017-05-16,3.353,3.435,3.338,3.356
2017-05-17,3.346,3.364,3.326,3.331
2017-05-18,3.327,3.369,3.308,3.355
2017-05-19,3.343,3.374,3.333,3.352
2017-05-22,3.352,3.37,3.347,3.368
2017-05-23,3.368,3.384,3.34,3.347
2017-05-24,3.345,3.363,3.334,3.358
2017-05-25,3.356,3.369,3.321,3.347
2017-05-26,3.331,3.337,3.267,3.297
2017-05-29,3.287,3.297,3.259,3.265
2017-05-30,3.265,3.304,3.23,3.27
2017-05-31,3.285,3.298,3.213,3.246
2017-06-01,3.248,3.283,3.234,3.235
2017-06-02,3.238,3.252,3.157,3.17
2017-06-05,3.19,3.213,3.155,3.208
2017-06-06,3.208,3.208,3.168,3.206
2017-06-07,3.209,3.22,3.183,3.22
2017-06-08,3.209,3.233,3.181,3.202
2017-06-09,3.227,3.227,3.136,3.16
2017-06-12,3.178,3.184,3.118,3.136
2017-06-13,3.167,3.227,3.137,3.178
2017-06-14,3.189,3.199,3.126,3.143
2017-06-16,3.143,3.191,3.143,3.18
2017-06-19,3.18,3.18,3.15,3.168
2017-06-20,3.18,3.186,3.156,3.179
2017-06-21,3.175,3.219,3.155,3.205
2017-06-22,3.184,3.238,3.184,3.205
2017-06-23,3.197,3.251,3.197,3.236
2017-06-26,3.243,3.247,3.191,3.197
2017-06-27,3.202,3.262,3.175,3.262
2017-06-28,3.347,3.352,3.271,3.279
2017-06-29,3.286,3.384,3.286,3.343
2017-06-30,3.392,3.411,3.305,3.307
2017-07-03,3.355,3.356,3.264,3.285
2017-07-04,3.285,3.308,3.262,3.303
2017-07-05,3.291,3.34,3.291,3.315
2017-07-06,3.321,3.44,3.306,3.421
2017-07-07,3.415,3.44,3.373,3.388
2017-07-10,3.372,3.376,3.304,3.345
2017-07-11,3.32,3.394,3.317,3.333
2017-07-12,3.37,3.383,3.316,3.333
2017-07-13,3.365,3.365,3.293,3.352
2017-07-14,3.338,3.339,3.289,3.303
2017-07-17,3.311,3.312,3.292,3.302
2017-07-18,3.308,3.308,3.249,3.253
2017-07-19,3.26,3.313,3.253,3.276
2017-07-20,3.286,3.334,3.26,3.274
2017-07-21,3.273,3.304,3.26,3.299
2017-07-24,3.323,3.323,3.256,3.275
2017-07-25,3.283,3.321,3.27,3.317
2017-07-26,3.31,3.34,3.304,3.336
2017-07-27,3.298,3.319,3.292,3.319
2017-07-28,3.306,3.352,3.304,3.347
2017-07-31,3.318,3.451,3.317,3.386
2017-08-01,3.372,3.396,3.357,3.382
2017-08-02,3.35,3.38,3.35,3.372
2017-08-03,3.359,3.379,3.339,3.35
2017-08-04,3.333,3.387,3.324,3.363
2017-08-07,3.361,3.373,3.356,3.362
2017-08-08,3.378,3.38,3.343,3.361
2017-08-09,3.357,3.362,3.349,3.362
2017-08-10,3.362,3.441,3.362,3.441
2017-08-11,3.441,3.441,3.429,3.439
2017-08-14,3.454,3.456,3.396,3.396
2017-08-16,3.413,3.419,3.394,3.408
2017-08-17,3.386,3.393,3.351,3.359
2017-08-18,3.352,3.352,3.308,3.316
2017-08-21,3.326,3.343,3.293,3.307
2017-08-22,3.299,3.342,3.294,3.332
2017-08-23,3.331,3.354,3.309,3.323
2017-08-24,3.319,3.347,3.281,3.296
2017-08-25,3.333,3.333,3.278,3.303
2017-08-28,3.305,3.307,3.276,3.28
2017-08-29,3.281,3.325,3.261,3.274
2017-08-30,3.296,3.316,3.276,3.301
2017-08-31,3.311,3.323,3.286,3.296
2017-09-01,3.3,3.323,3.283,3.311
2017-09-04,3.317,3.324,3.285,3.291
2017-09-05,3.269,3.279,3.224,3.233
2017-09-06,3.239,3.24,3.184,3.191
2017-09-07,3.215,3.217,3.144,3.148
2017-09-08,3.14,3.177,3.122,3.171
2017-09-11,3.174,3.181,3.161,3.175
2017-09-12,3.188,3.219,3.18,3.213
2017-09-13,3.22,3.276,3.195,3.216
2017-09-14,3.227,3.253,3.204,3.227
2017-09-15,3.232,3.251,3.203,3.245
2017-09-18,3.236,3.294,3.218,3.271
2017-09-19,3.271,3.363,3.264,3.348
2017-09-20,3.369,3.406,3.317,3.328
2017-09-21,3.41,3.41,3.344,3.385
2017-09-22,3.386,3.403,3.332,3.339
2017-09-25,3.338,3.344,3.27,3.289
2017-09-26,3.287,3.315,3.287,3.304
2017-09-27,3.337,3.386,3.332,3.358
2017-09-28,3.425,3.425,3.361,3.361
2017-09-29,3.358,3.387,3.327,3.381
2017-10-02,3.376,3.406,3.367,3.378
2017-10-03,3.378,3.394,3.365,3.389
2017-10-04,3.371,3.404,3.357,3.4
2017-10-05,3.396,3.418,3.362,3.416
2017-10-06,3.42,3.543,3.415,3.514
2017-10-09,3.466,3.505,3.466,3.499
2017-10-10,3.489,3.517,3.466,3.484
2017-10-11,3.476,3.493,3.405,3.429
2017-10-12,3.437,3.437,3.364,3.401
2017-10-13,3.355,3.357,3.291,3.305
2017-10-16,3.311,3.32,3.27,3.293
2017-10-17,3.281,3.307,3.265,3.307
2017-10-18,3.292,3.342,3.284,3.313
2017-10-19,3.308,3.348,3.29,3.31
2017-10-20,3.332,3.406,3.322,3.385
2017-10-23,3.385,3.405,3.368,3.396
2017-10-24,3.379,3.41,3.37,3.397
2017-10-25,3.393,3.454,3.386,3.434
2017-10-26,3.44,3.465,3.408,3.435
2017-10-27,3.437,3.473,3.421,3.447
2017-10-30,3.426,3.456,3.373,3.445
2017-10-31,3.445,3.467,3.427,3.443
2017-11-02,3.438,3.521,3.438,3.481
2017-11-03,3.48,3.507,3.433,3.467
2017-11-06,3.466,3.477,3.426,3.451
2017-11-07,3.479,3.479,3.416,3.432
2017-11-08,3.412,3.466,3.393,3.4
2017-11-09,3.397,3.441,3.385,3.422
2017-11-10,3.417,3.475,3.351,3.386
2017-11-13,3.372,3.444,3.372,3.426
2017-11-14,3.461,3.475,3.436,3.449
2017-11-15,3.45,3.464,3.415,3.452
2017-11-16,3.439,3.481,3.394,3.414
2017-11-17,3.409,3.436,3.395,3.43
2017-11-20,3.417,3.461,3.41,3.449
2017-11-21,3.456,3.461,3.417,3.43
2017-11-22,3.419,3.443,3.396,3.409
2017-11-23,3.386,3.393,3.316,3.327
2017-11-24,3.325,3.359,3.325,3.338
2017-11-27,3.339,3.358,3.325,3.357
2017-11-28,3.349,3.438,3.307,3.318
2017-11-29,3.367,3.389,3.308,3.347
2017-11-30,3.343,3.368,3.335,3.343
2017-12-01,3.365,3.374,3.316,3.335
2017-12-04,3.34,3.362,3.322,3.328
2017-12-05,3.328,3.337,3.275,3.289
2017-12-06,3.277,3.284,3.244,3.256
2017-12-07,3.251,3.272,3.228,3.252
2017-12-08,3.249,3.288,3.242,3.251
2017-12-11,3.248,3.253,3.208,3.21
2017-12-12,3.218,3.245,3.213,3.245
2017-12-13,3.268,3.272,3.238,3.245
2017-12-14,3.246,3.263,3.216,3.244
2017-12-15,3.208,3.25,3.204,3.227
2017-12-18,3.234,3.259,3.229,3.245
2017-12-19,3.246,3.344,3.246,3.317
2017-12-20,3.317,3.377,3.316,3.354
2017-12-21,3.338,3.382,3.338,3.338
2017-12-22,3.341,3.363,3.322,3.328
2017-12-27,3.309,3.344,3.289,3.29
2017-12-28,3.288,3.323,3.284,3.308
2017-12-29,3.322,3.322,3.29,3.302
2018-01-03,3.319,3.338,3.294,3.312
2018-01-04,3.3,3.324,3.248,3.256
2018-01-05,3.251,3.275,3.213,3.213
2018-01-08,3.225,3.247,3.212,3.237
2018-01-09,3.246,3.305,3.243,3.287
2018-01-10,3.31,3.37,3.301,3.343
2018-01-11,3.315,3.371,3.282,3.346
2018-01-12,3.349,3.372,3.309,3.326
2018-01-15,3.319,3.325,3.278,3.293
2018-01-16,3.303,3.303,3.261,3.279
2018-01-17,3.275,3.312,3.275,3.286
2018-01-18,3.289,3.335,3.289,3.321
2018-01-19,3.331,3.37,3.308,3.321
2018-01-22,3.319,3.363,3.319,3.328
2018-01-23,3.321,3.339,3.295,3.323
2018-01-24,3.325,3.373,3.325,3.359
2018-01-25,3.348,3.426,3.343,3.4
2018-01-26,3.381,3.463,3.35,3.445
2018-01-29,3.444,3.53,3.444,3.495
2018-01-30,3.482,3.484,3.439,3.472
2018-01-31,3.464,3.475,3.41,3.464
2018-02-01,3.56,3.605,3.498,3.519
2018-02-02,3.538,3.595,3.509,3.595
2018-02-05,3.567,3.595,3.498,3.532
2018-02-06,3.515,3.558,3.494,3.527
2018-02-07,3.531,3.551,3.496,3.526
2018-02-08,3.527,3.611,3.525,3.611
2018-02-09,3.578,3.604,3.54,3.574
2018-02-12,3.567,3.596,3.551,3.551
2018-02-13,3.543,3.543,3.496,3.519
2018-02-14,3.529,3.562,3.488,3.525
2018-02-15,3.508,3.57,3.494,3.498
2018-02-16,3.501,3.535,3.463,3.463
2018-02-19,3.464,3.515,3.462,3.499
2018-02-20,3.531,3.54,3.491,3.511
2018-02-21,3.514,3.537,3.464,3.479
2018-02-22,3.51,3.51,3.446,3.462
2018-02-23,3.443,3.463,3.409,3.425
2018-02-26,3.42,3.442,3.391,3.418
2018-02-27,3.389,3.414,3.359,3.359
2018-02-28,3.382,3.407,3.358,3.376
2018-03-01,3.382,3.382,3.266,3.294
2018-03-02,3.303,3.303,3.25,3.269
2018-03-05,3.276,3.345,3.276,3.326
2018-03-06,3.344,3.374,3.323,3.335
2018-03-07,3.34,3.346,3.283,3.283
2018-03-08,3.281,3.303,3.237,3.259
2018-03-09,3.259,3.317,3.251,3.295
2018-03-12,3.312,3.315,3.288,3.296
2018-03-13,3.299,3.359,3.299,3.354
2018-03-14,3.339,3.354,3.32,3.32
2018-03-15,3.309,3.321,3.239,3.28
2018-03-16,3.275,3.281,3.234,3.254
2018-03-19,3.28,3.312,3.251,3.27
2018-03-20,3.275,3.349,3.275,3.32
2018-03-21,3.317,3.405,3.31,3.393
2018-03-22,3.31,3.321,3.242,3.242
2018-03-23,3.241,3.292,3.241,3.241
2018-03-26,3.253,3.264,3.239,3.241
2018-03-27,3.248,3.248,3.215,3.241
2018-03-28,3.233,3.238,3.201,3.216
2018-03-29,3.233,3.239,3.174,3.174
2018-04-03,3.177,3.194,3.163,3.188
2018-04-04,3.2,3.202,3.1,3.116
2018-04-05,3.124,3.202,3.102,3.112
2018-04-06,3.13,3.177,3.068,3.091
2018-04-09,3.08,3.134,3.043,3.045
2018-04-10,3.056,3.056,3.018,3.043
2018-04-11,3.022,3.038,2.989,3.002
2018-04-12,2.981,3.004,2.96,2.995
2018-04-13,3.032,3.044,2.996,3.039
2018-04-16,3.049,3.146,3.044,3.104
2018-04-17,3.087,3.132,3.064,3.064
2018-04-18,3.052,3.077,3,3.024
2018-04-19,3.026,3.1,3.002,3.048
2018-04-20,3.06,3.105,3.04,3.085
2018-04-23,3.122,3.164,3.068,3.085
2018-04-24,3.1,3.136,3.041,3.104
2018-04-25,3.104,3.225,3.096,3.1
2018-04-26,3.116,3.166,3.041,3.041
2018-04-27,3.123,3.144,3.011,3.035
2018-04-30,3.035,3.151,3.035,3.087
2018-05-02,3.074,3.22,3.071,3.168
2018-05-04,3.157,3.176,3.118,3.162
2018-05-07,3.162,3.233,3.124,3.139
2018-05-08,3.158,3.283,3.125,3.275
2018-05-09,3.241,3.36,3.241,3.259
2018-05-10,3.269,3.292,3.225,3.227
2018-05-11,3.228,3.293,3.164,3.237
2018-05-14,3.27,3.288,3.23,3.238
2018-05-15,3.271,3.313,3.242,3.3
2018-05-16,3.371,3.371,3.25,3.29
2018-05-17,3.285,3.325,3.272,3.301
2018-05-18,3.313,3.378,3.267,3.351
2018-05-21,3.334,3.39,3.311,3.315
2018-05-22,3.35,3.355,3.231,3.248
2018-05-23,3.264,3.291,3.219,3.248
2018-05-24,3.22,3.249,3.19,3.221
2018-05-25,3.252,3.254,3.195,3.214
2018-05-28,3.237,3.247,3.198,3.202
2018-05-29,3.211,3.313,3.211,3.286
2018-05-30,3.298,3.371,3.24,3.27
2018-06-01,3.269,3.31,3.195,3.228
2018-06-04,3.251,3.251,3.182,3.217
2018-06-05,3.206,3.265,3.188,3.221
2018-06-06,3.242,3.297,3.22,3.285
2018-06-07,3.274,3.328,3.267,3.283
2018-06-08,3.34,3.379,3.296,3.301
2018-06-11,3.333,3.344,3.267,3.3
2018-06-12,3.285,3.335,3.248,3.297
2018-06-13,3.262,3.337,3.217,3.286
2018-06-14,3.29,3.308,3.207,3.255
2018-06-15,3.237,3.301,3.193,3.266
2018-06-18,3.279,3.279,3.201,3.202
2018-06-19,3.249,3.252,3.176,3.197
2018-06-20,3.21,3.236,3.167,3.169
2018-06-21,3.203,3.21,3.132,3.148
2018-06-22,3.177,3.214,3.15,3.17
2018-06-25,3.18,3.22,3.153,3.218
2018-06-26,3.206,3.291,3.191,3.251
2018-06-27,3.21,3.246,3.169,3.224
2018-06-28,3.226,3.267,3.205,3.256
2018-06-29,3.28,3.305,3.197,3.229
2018-07-02,3.255,3.304,3.195,3.234
2018-07-03,3.302,3.357,3.242,3.301
2018-07-04,3.295,3.332,3.221,3.247
2018-07-05,3.28,3.321,3.197,3.206
2018-07-06,3.192,3.234,3.177,3.209
2018-07-09,3.179,3.232,3.178,3.184
2018-07-10,3.203,3.245,3.183,3.231
2018-07-11,3.279,3.279,3.168,3.193
2018-07-12,3.251,3.251,3.166,3.195
2018-07-13,3.203,3.235,3.164,3.179
2018-07-16,3.195,3.211,3.145,3.166
2018-07-17,3.231,3.231,3.075,3.141
2018-07-18,3.097,3.154,3.07,3.112
2018-07-19,3.143,3.186,3.112,3.151
2018-07-20,3.123,3.188,3.117,3.173
2018-07-23,3.19,3.202,3.158,3.202
2018-07-24,3.22,3.221,3.162,3.179
2018-07-25,3.161,3.162,3.113,3.126
2018-07-26,3.138,3.172,3.138,3.141
2018-07-27,3.182,3.182,3.13,3.151
2018-07-30,3.175,3.221,3.152,3.214
2018-07-31,3.197,3.211,3.173,3.18
2018-08-01,3.195,3.201,3.136,3.183
2018-08-02,3.171,3.191,3.133,3.168
2018-08-03,3.139,3.17,3.114,3.134
2018-08-06,3.115,3.141,3.094,3.141
2018-08-07,3.184,3.184,3.089,3.152
2018-08-08,3.151,3.162,3.122,3.152
2018-08-09,3.138,3.14,3.084,3.109
2018-08-10,3.118,3.198,3.098,3.162
2018-08-13,3.172,3.206,3.147,3.185
2018-08-14,3.152,3.189,3.129,3.181
2018-08-16,3.168,3.201,3.139,3.191
2018-08-17,3.183,3.188,3.144,3.181
2018-08-20,3.18,3.18,3.114,3.151
2018-08-21,3.197,3.197,3.12,3.157
2018-08-22,3.146,3.172,3.116,3.155
2018-08-23,3.164,3.214,3.144,3.214
2018-08-24,3.181,3.217,3.154,3.196
2018-08-27,3.187,3.191,3.174,3.191
2018-08-28,3.187,3.187,3.164,3.186
2018-08-29,3.188,3.21,3.157,3.204
2018-08-30,3.208,3.208,3.143,3.177
2018-08-31,3.146,3.209,3.141,3.207
2018-09-03,3.206,3.236,3.168,3.235
2018-09-04,3.221,3.246,3.17,3.227
2018-09-05,3.259,3.283,3.208,3.253
2018-09-06,3.241,3.364,3.204,3.303
2018-09-07,3.286,3.312,3.229,3.31
2018-09-10,3.278,3.312,3.254,3.281
2018-09-11,3.285,3.315,3.251,3.288
2018-09-12,3.272,3.307,3.226,3.258
2018-09-13,3.265,3.273,3.207,3.243
2018-09-14,3.226,3.268,3.215,3.252
2018-09-17,3.255,3.266,3.221,3.262
2018-09-18,3.254,3.257,3.194,3.254
2018-09-19,3.239,3.296,3.159,3.235
2018-09-20,3.21,3.261,3.205,3.254
2018-09-21,3.228,3.264,3.216,3.258
2018-09-24,3.237,3.305,3.23,3.295
2018-09-25,3.266,3.309,3.234,3.288
2018-09-26,3.295,3.3,3.19,3.262
2018-09-27,3.25,3.281,3.202,3.263
2018-09-28,3.26,3.28,3.228,3.265
2018-10-01,3.268,3.277,3.211,3.251
2018-10-02,3.245,3.268,3.19,3.253
2018-10-03,3.254,3.28,3.214,3.28
2018-10-04,3.306,3.364,3.255,3.3
2018-10-05,3.294,3.37,3.294,3.337
2018-10-08,3.305,3.334,3.293,3.333
2018-10-09,3.323,3.407,3.285,3.319
2018-10-10,3.304,3.355,3.283,3.34
2018-10-11,3.309,3.339,3.255,3.295
2018-10-12,3.319,3.319,3.186,3.247
2018-10-15,3.235,3.255,3.152,3.233
2018-10-16,3.221,3.263,3.201,3.209
2018-10-17,3.198,3.221,3.183,3.21
2018-10-18,3.193,3.239,3.187,3.227
2018-10-19,3.23,3.297,3.177,3.278
2018-10-22,3.245,3.282,3.234,3.267
2018-10-23,3.273,3.273,3.205,3.225
2018-10-24,3.197,3.22,3.155,3.19
2018-10-25,3.194,3.221,3.153,3.204
2018-10-26,3.194,3.235,3.125,3.148
2018-10-29,3.153,3.171,3.1,3.145
2018-10-30,3.16,3.193,3.14,3.189
2018-10-31,3.204,3.252,3.174,3.225
2018-11-02,3.269,3.269,3.195,3.224
2018-11-05,3.228,3.243,3.179,3.206
2018-11-06,3.212,3.238,3.152,3.192
2018-11-07,3.179,3.244,3.158,3.212
2018-11-08,3.238,3.257,3.219,3.254
2018-11-09,3.286,3.286,3.227,3.24
2018-11-13,3.242,3.269,3.207,3.233
2018-11-14,3.22,3.324,3.188,3.253
2018-11-15,3.25,3.281,3.229,3.251
2018-11-16,3.231,3.37,3.23,3.273
2018-11-19,3.285,3.298,3.224,3.239
2018-11-20,3.235,3.243,3.196,3.214
2018-11-21,3.224,3.256,3.198,3.224
2018-11-22,3.23,3.255,3.186,3.24
2018-11-23,3.254,3.259,3.148,3.168
2018-11-26,3.168,3.203,3.154,3.177
2018-11-27,3.182,3.2,3.157,3.183
2018-11-28,3.167,3.199,3.134,3.183
2018-11-29,3.156,3.193,3.097,3.126
2018-11-30,3.107,3.151,2.977,3.054
2018-12-03,3.045,3.079,3.023,3.051
2018-12-04,3.034,3.071,3.005,3.066
2018-12-05,3.045,3.116,3.019,3.074
2018-12-06,3.129,3.129,2.933,3.022
2018-12-07,3.026,3.086,2.995,3.066
2018-12-10,3.044,3.069,3.023,3.041
2018-12-11,3.014,3.042,3.008,3.023
2018-12-12,3.004,3.034,2.948,2.981
2018-12-13,2.954,2.998,2.935,2.955
2018-12-14,2.977,2.98,2.918,2.952
2018-12-17,2.954,2.96,2.921,2.959
2018-12-18,2.943,2.958,2.873,2.92
2018-12-19,2.922,2.943,2.897,2.929
2018-12-20,2.897,2.916,2.85,2.887
2018-12-21,2.918,2.97,2.83,2.83
2018-12-27,2.818,2.852,2.81,2.839
2018-12-28,2.839,2.872,2.813,2.839
2019-01-02,2.81,2.812,2.674,2.755
2019-01-03,2.744,2.815,2.725,2.768
2019-01-04,2.725,2.824,2.725,2.815
2019-01-07,2.82,2.822,2.756,2.794
2019-01-08,2.827,2.879,2.797,2.879
2019-01-09,2.875,2.918,2.799,2.883
2019-01-10,2.833,2.877,2.815,2.855
2019-01-11,2.824,2.842,2.749,2.788
2019-01-14,2.771,2.771,2.706,2.748
2019-01-15,2.728,2.801,2.631,2.72
2019-01-16,2.77,2.828,2.737,2.793
2019-01-17,2.79,2.853,2.764,2.83
2019-01-18,2.811,2.878,2.811,2.861
2019-01-21,2.84,2.881,2.826,2.852
2019-01-22,2.863,2.881,2.83,2.866
2019-01-23,2.867,2.875,2.825,2.851
2019-01-24,2.83,2.885,2.769,2.836
2019-01-25,2.811,2.838,2.776,2.823
2019-01-28,2.831,2.832,2.792,2.799
2019-01-29,2.808,2.816,2.753,2.78
2019-01-30,2.791,2.802,2.768,2.784
2019-01-31,2.767,2.767,2.715,2.734
2019-02-01,2.749,2.805,2.722,2.761
2019-02-04,2.748,2.81,2.748,2.784
2019-02-05,2.789,2.807,2.743,2.761
2019-02-06,2.745,2.769,2.716,2.744
2019-02-07,2.749,2.761,2.717,2.746
2019-02-08,2.749,2.761,2.706,2.706
2019-02-11,2.71,2.761,2.71,2.745
2019-02-12,2.734,2.767,2.722,2.74
2019-02-13,2.785,2.785,2.705,2.731
2019-02-14,2.709,2.725,2.689,2.709
2019-02-15,2.698,2.71,2.666,2.699
2019-02-18,2.686,2.718,2.682,2.705
2019-02-19,2.713,2.713,2.667,2.693
2019-02-20,2.694,2.694,2.621,2.66
2019-02-21,2.728,2.765,2.727,2.765
2019-02-22,2.752,2.774,2.752,2.754
2019-02-25,2.805,2.917,2.805,2.89
2019-02-26,2.889,2.889,2.839,2.858
2019-02-27,2.864,2.912,2.863,2.912
2019-02-28,2.909,2.953,2.903,2.952
2019-03-01,2.955,2.995,2.948,2.972
2019-03-04,2.972,2.973,2.939,2.948
2019-03-05,2.957,2.967,2.935,2.935
2019-03-06,2.93,2.93,2.906,2.906
2019-03-07,2.916,2.918,2.857,2.861
2019-03-08,2.867,2.886,2.858,2.872
2019-03-11,2.878,2.882,2.866,2.882
2019-03-12,2.896,2.928,2.792,2.887
2019-03-13,2.885,2.885,2.865,2.865
2019-03-14,2.868,2.89,2.867,2.89
2019-03-15,2.888,2.905,2.885,2.902
2019-03-18,2.903,2.907,2.894,2.894
2019-03-19,2.892,2.927,2.891,2.915
2019-03-20,2.913,2.933,2.904,2.906
2019-03-21,2.899,2.908,2.87,2.905
2019-03-22,2.908,2.908,2.843,2.843
2019-03-25,2.839,2.861,2.839,2.843
2019-03-26,2.849,2.869,2.842,2.864
2019-03-27,2.864,2.864,2.784,2.824
2019-03-28,2.815,2.827,2.804,2.825
2019-03-29,2.821,2.859,2.82,2.843
2019-04-01,2.863,2.867,2.857,2.867
2019-04-02,2.873,2.878,2.865,2.865
2019-04-03,2.897,2.897,2.889,2.896
2019-04-04,2.895,2.92,2.894,2.92
2019-04-05,2.934,2.935,2.931,2.931
2019-04-08,2.918,2.922,2.913,2.92
2019-04-09,2.918,2.929,2.91,2.922
2019-04-10,2.922,2.922,2.904,2.905
2019-04-11,2.9,2.906,2.9,2.906
2019-04-12,2.919,2.925,2.914,2.917
2019-04-15,2.917,2.921,2.895,2.898
2019-04-16,2.9,2.953,2.872,2.873
2019-04-17,2.878,2.9,2.875,2.889
2019-04-18,2.877,2.904,2.864,2.89
2019-04-23,2.893,2.917,2.893,2.909
2019-04-24,2.904,2.92,2.896,2.897
2019-04-25,2.909,2.942,2.898,2.938
2019-04-26,2.924,2.928,2.904,2.914
2019-04-29,2.927,2.942,2.916,2.942
2019-04-30,2.955,3.035,2.947,3.017
2019-05-02,3.013,3.09,3.013,3.041
2019-05-06,3.031,3.036,3.019,3.027
2019-05-07,3.022,3.022,2.978,2.986
2019-05-08,2.985,2.985,2.933,2.957
2019-05-09,2.954,2.959,2.933,2.936
2019-05-10,2.93,2.941,2.897,2.91
2019-05-13,2.911,2.911,2.843,2.843
2019-05-14,2.846,2.873,2.846,2.859
2019-05-15,2.866,2.866,2.798,2.837
2019-05-16,2.868,2.906,2.85,2.898
2019-05-17,2.893,2.926,2.873,2.896
2019-05-20,2.909,2.914,2.893,2.9
2019-05-21,2.92,2.928,2.898,2.907
2019-05-22,2.915,2.915,2.872,2.883
2019-05-23,2.868,2.874,2.822,2.827
2019-05-24,2.827,2.847,2.815,2.837
2019-05-27,2.832,2.842,2.817,2.818
2019-05-28,2.811,2.819,2.782,2.791
2019-05-29,2.775,2.779,2.729,2.744
2019-05-30,2.764,2.764,2.715,2.732
2019-05-31,2.681,2.697,2.631,2.666
2019-06-03,2.639,2.646,2.599,2.637
2019-06-04,2.654,2.654,2.599,2.62
2019-06-05,2.609,2.623,2.558,2.558
2019-06-06,2.538,2.538,2.424,2.498
2019-06-07,2.506,2.512,2.478,2.481
2019-06-10,2.468,2.527,2.468,2.512
2019-06-11,2.503,2.581,2.492,2.548
2019-06-12,2.536,2.566,2.502,2.507
2019-06-13,2.503,2.512,2.443,2.454
2019-06-14,2.436,2.439,2.378,2.387
2019-06-17,2.407,2.439,2.401,2.422
2019-06-18,2.422,2.422,2.318,2.366
2019-06-19,2.355,2.389,2.348,2.377
2019-06-21,2.347,2.388,2.347,2.375
2019-06-24,2.374,2.374,2.353,2.365
2019-06-25,2.336,2.349,2.32,2.331
2019-06-26,2.331,2.366,2.331,2.366
2019-06-27,2.394,2.403,2.376,2.391
2019-06-28,2.382,2.453,2.382,2.423
2019-07-01,2.405,2.405,2.37,2.372
2019-07-02,2.37,2.375,2.349,2.366
2019-07-03,2.334,2.342,2.311,2.322
2019-07-04,2.327,2.327,2.279,2.282
2019-07-05,2.283,2.346,2.264,2.297
2019-07-08,2.282,2.282,2.245,2.255
2019-07-09,2.246,2.261,2.203,2.215
2019-07-10,2.254,2.278,2.237,2.252
2019-07-11,2.249,2.29,2.236,2.281
2019-07-12,2.309,2.346,2.309,2.321
2019-07-15,2.324,2.324,2.26,2.281
2019-07-16,2.273,2.296,2.256,2.281
2019-07-17,2.271,2.286,2.256,2.268
2019-07-18,2.258,2.266,2.223,2.234
2019-07-19,2.24,2.24,2.176,2.184
2019-07-22,2.182,2.186,2.157,2.171
2019-07-23,2.17,2.17,2.118,2.122
2019-07-24,2.13,2.131,2.031,2.044
2019-07-25,2.016,2.088,1.975,2.08
2019-07-26,2.064,2.127,2.064,2.108
2019-07-29,2.116,2.15,2.096,2.145
2019-07-30,2.148,2.223,2.148,2.207
2019-07-31,2.215,2.235,2.182,2.198
2019-08-01,2.181,2.255,2.181,2.205
2019-08-02,2.15,2.159,2.095,2.111
2019-08-05,2.083,2.098,2.03,2.055
2019-08-06,2.059,2.105,2.052,2.105
2019-08-07,2.09,2.09,2.009,2.033
2019-08-08,2.025,2.073,1.989,2.021
2019-08-09,2.013,2.025,1.945,1.968
2019-08-12,1.944,1.961,1.925,1.938
2019-08-13,1.982,1.982,1.819,1.878
2019-08-14,1.86,1.864,1.759,1.771
2019-08-16,1.755,1.759,1.693,1.734
2019-08-19,1.744,1.914,1.731,1.886
2019-08-20,1.873,1.888,1.826,1.869
2019-08-21,1.868,1.977,1.862,1.962
2019-08-22,1.953,2.06,1.95,2.046
2019-08-23,2.063,2.089,1.979,2.031
2019-08-26,1.99,1.99,1.922,1.948
2019-08-27,1.938,1.938,1.814,1.836
2019-08-28,1.806,1.813,1.724,1.763
2019-08-29,1.792,1.846,1.78,1.831
2019-08-30,1.854,1.922,1.83,1.843
2019-09-02,1.858,1.882,1.842,1.863
2019-09-03,1.839,1.874,1.789,1.828
2019-09-04,1.819,1.916,1.819,1.9
2019-09-05,1.888,2,1.888,2
2019-09-06,1.976,2.039,1.961,2.02
2019-09-09,2.018,2.114,2.018,2.093
2019-09-10,2.122,2.172,2.097,2.159
2019-09-11,2.189,2.194,2.08,2.108
2019-09-12,2.058,2.073,1.98,2.029
2019-09-13,2.016,2.136,2.016,2.136
2019-09-16,2.088,2.187,2.088,2.148
2019-09-17,2.13,2.163,2.102,2.131
2019-09-18,2.12,2.12,2.063,2.086
2019-09-19,2.135,2.135,2.049,2.071
2019-09-20,2.06,2.075,2.001,2.043
2019-09-23,2.038,2.093,1.99,2.054
2019-09-24,2.067,2.084,2.043,2.068
2019-09-25,2.05,2.056,1.987,2.034
2019-09-26,2.054,2.057,2.003,2.011
2019-09-27,2.009,2.031,1.991,1.999
2019-09-30,2.027,2.038,1.991,2.004
2019-10-01,2.029,2.057,2.005,2.021
2019-10-02,2.03,2.04,1.998,2.025
2019-10-03,2.008,2.013,1.903,1.943
2019-10-04,1.924,1.937,1.876,1.908
2019-10-07,1.91,1.91,1.869,1.895
2019-10-08,1.885,1.917,1.878,1.896
2019-10-09,1.915,1.93,1.892,1.906
2019-10-10,1.896,1.952,1.896,1.95
2019-10-11,1.93,2.009,1.91,2.006
2019-10-14,2,2,1.956,1.991
2019-10-15,2.002,2.002,1.939,1.959
2019-10-16,2.001,2.015,1.965,1.996
2019-10-17,2,2.066,1.979,1.997
2019-10-18,2.007,2.04,2.003,2.015
2019-10-21,2.021,2.047,2.02,2.025
2019-10-22,2.031,2.031,1.964,1.976
2019-10-23,1.977,1.977,1.949,1.958
2019-10-24,1.956,1.977,1.956,1.971
2019-10-25,1.972,1.984,1.966,1.982
2019-10-28,1.974,2.024,1.974,2.011
2019-10-29,1.997,2.004,1.991,1.999
2019-10-30,2.014,2.018,1.996,2.012
2019-10-31,1.979,1.979,1.956,1.956
2019-11-04,1.978,1.988,1.94,1.957
2019-11-05,1.991,2.008,1.97,2.006
2019-11-06,2.01,2.015,1.998,2.014
2019-11-07,2.014,2.089,2.011,2.089
2019-11-08,2.13,2.23,2.122,2.165
2019-11-12,2.203,2.203,2.136,2.136
2019-11-13,2.142,2.142,2.079,2.093
2019-11-14,2.081,2.081,2.032,2.059
2019-11-15,2.046,2.102,2.046,2.098
2019-11-18,2.097,2.122,2.082,2.084
2019-11-19,2.096,2.112,2.095,2.105
2019-11-20,2.057,2.057,2.029,2.047
2019-11-21,2.046,2.071,2.043,2.066
2019-11-22,2.071,2.079,2.033,2.046
2019-11-25,2.041,2.069,2.041,2.049
2019-11-26,2.044,2.044,1.985,1.985
2019-11-27,1.987,1.991,1.948,1.958
2019-11-28,1.948,1.984,1.948,1.977
2019-11-29,1.978,2.001,1.934,2.001
2019-12-02,2.026,2.054,2.018,2.044
2019-12-03,2.042,2.045,1.975,1.98
2019-12-04,1.977,2.017,1.971,2.013
2019-12-05,2.019,2.035,2.013,2.02
2019-12-06,2.022,2.022,1.994,1.994
2019-12-09,1.971,1.987,1.969,1.973
2019-12-10,1.982,1.993,1.975,1.991
2019-12-11,1.993,1.998,1.987,1.997
2019-12-12,1.985,2.025,1.979,2.025
2019-12-13,2.043,2.05,1.99,2.015
2019-12-16,2.009,2.02,2.007,2.02
2019-12-17,2.01,2.011,2.006,2.008
2019-12-18,2.002,2.041,2.001,2.036
2019-12-19,2.036,2.081,1.999,2.077
2019-12-20,2.076,2.086,2.073,2.082
2019-12-23,2.065,2.078,2.063,2.078
2019-12-27,2.053,2.072,2.053,2.072
2019-12-30,2.072,2.112,2.071,2.107
2020-01-02,2.112,2.136,2.107,2.112
2020-01-03,2.058,2.072,2.058,2.067
2020-01-07,2.061,2.17,2.061,2.17
2020-01-08,2.162,2.216,2.162,2.211
2020-01-09,2.213,2.269,2.204,2.265
2020-01-10,2.268,2.27,2.228,2.261
2020-01-13,2.261,2.345,2.261,2.343
2020-01-14,2.341,2.341,2.263,2.269
2020-01-15,2.269,2.269,2.209,2.229
2020-01-16,2.223,2.287,2.219,2.274
2020-01-17,2.255,2.323,2.255,2.323
2020-01-20,2.326,2.342,2.315,2.334
2020-01-21,2.33,2.333,2.281,2.281
2020-01-22,2.279,2.285,2.257,2.257
2020-01-23,2.241,2.273,2.233,2.252
2020-01-24,2.257,2.283,2.244,2.244
2020-01-27,2.24,2.24,2.207,2.207
2020-01-28,2.207,2.251,2.195,2.251
2020-01-29,2.244,2.244,2.201,2.221
2020-01-30,2.186,2.206,2.169,2.188
2020-01-31,2.164,2.194,2.131,2.132
2020-02-03,2.126,2.153,2.112,2.153
2020-02-04,2.153,2.188,2.152,2.188
2020-02-05,2.185,2.203,2.181,2.188
2020-02-06,2.194,2.198,2.137,2.144
2020-02-07,2.133,2.134,2.063,2.071
2020-02-10,2.079,2.079,2.058,2.062
2020-02-11,2.072,2.11,2.067,2.11
2020-02-12,2.134,2.156,2.133,2.156
2020-02-13,2.162,2.22,2.16,2.22
2020-02-14,2.226,2.226,2.168,2.18
2020-02-17,2.196,2.206,2.191,2.204
2020-02-18,2.173,2.185,2.155,2.165
2020-02-19,2.172,2.172,2.101,2.143
2020-02-20,2.132,2.133,2.101,2.122
2020-02-21,2.089,2.095,2.052,2.052
2020-02-24,2.056,2.056,1.946,1.962
2020-02-25,1.964,1.965,1.89,1.906
2020-02-26,1.892,1.898,1.858,1.878
2020-02-27,1.865,1.865,1.744,1.764
2020-02-28,1.748,1.804,1.653,1.784
2020-03-02,1.783,1.785,1.681,1.681
2020-03-03,1.645,1.783,1.645,1.74
2020-03-04,1.702,1.712,1.633,1.712
2020-03-05,1.711,1.757,1.693,1.697
2020-03-06,1.694,1.705,1.614,1.631
2020-03-09,1.541,1.541,1.333,1.391
2020-03-10,1.506,1.604,1.506,1.536
2020-03-11,1.558,1.697,1.557,1.688
2020-03-12,1.705,1.814,1.705,1.813
2020-03-13,1.9,2.16,1.9,2.16
2020-03-16,2.24,2.313,2.228,2.256
2020-03-17,2.261,2.261,2.11,2.139
2020-03-18,1.831,1.972,1.831,1.972
2020-03-19,2.092,2.226,2.056,2.172
2020-03-20,2.184,2.184,1.974,1.974
2020-03-23,1.938,1.954,1.869,1.869
2020-03-24,1.872,1.877,1.672,1.742
2020-03-25,1.782,1.954,1.782,1.823
2020-03-26,1.832,1.833,1.751,1.782
2020-03-27,1.774,1.802,1.725,1.802
2020-03-30,1.801,1.801,1.739,1.739
2020-03-31,1.724,1.73,1.658,1.658
2020-04-01,1.672,1.687,1.661,1.687
2020-04-02,1.709,1.767,1.709,1.76
2020-04-03,1.751,1.751,1.667,1.667
2020-04-06,1.664,1.681,1.64,1.641
2020-04-07,1.638,1.638,1.601,1.603
2020-04-08,1.604,1.621,1.541,1.554
2020-04-09,1.551,1.556,1.466,1.473
2020-04-14,1.439,1.441,1.398,1.401
2020-04-15,1.37,1.37,1.35,1.35
2020-04-16,1.349,1.374,1.344,1.345
2020-04-17,1.343,1.428,1.338,1.405
2020-04-20,1.421,1.434,1.405,1.43
2020-04-21,1.433,1.437,1.327,1.327
2020-04-22,1.321,1.337,1.296,1.296
2020-04-23,1.33,1.34,1.33,1.34
2020-04-24,1.345,1.36,1.339,1.358
2020-04-27,1.36,1.36,1.335,1.359
2020-04-28,1.367,1.437,1.367,1.429
2020-04-29,1.428,1.446,1.427,1.443
2020-04-30,1.463,1.505,1.461,1.461
2020-05-04,1.467,1.516,1.467,1.516
2020-05-05,1.515,1.543,1.513,1.518
2020-05-06,1.522,1.548,1.522,1.539
2020-05-07,1.543,1.554,1.523,1.526
2020-05-08,1.526,1.528,1.518,1.526
2020-05-11,1.526,1.53,1.502,1.503
2020-05-12,1.5,1.5,1.407,1.407
2020-05-13,1.406,1.409,1.291,1.31
2020-05-14,1.311,1.311,1.248,1.262
2020-05-15,1.26,1.26,1.22,1.22
2020-05-18,1.294,1.301,1.266,1.3
2020-05-19,1.327,1.371,1.327,1.353
2020-05-20,1.377,1.385,1.367,1.367
2020-05-21,1.377,1.383,1.368,1.383
2020-05-22,1.39,1.433,1.387,1.425
2020-05-25,1.418,1.418,1.405,1.407
2020-05-26,1.411,1.44,1.411,1.419
2020-05-27,1.418,1.418,1.339,1.359
2020-05-28,1.365,1.373,1.137,1.158
2020-05-29,1.158,1.181,1.151,1.163
2020-06-01,1.166,1.24,1.166,1.238
2020-06-02,1.234,1.298,1.225,1.283
2020-06-03,1.301,1.343,1.291,1.333
2020-06-04,1.352,1.38,1.352,1.369
2020-06-05,1.388,1.462,1.387,1.459
2020-06-08,1.452,1.494,1.452,1.481
2020-06-09,1.465,1.465,1.395,1.396
2020-06-10,1.395,1.407,1.39,1.405
2020-06-12,1.296,1.329,1.292,1.327
2020-06-15,1.302,1.345,1.29,1.341
2020-06-16,1.357,1.371,1.345,1.371
2020-06-17,1.375,1.449,1.375,1.449
2020-06-18,1.442,1.442,1.412,1.419
2020-06-19,1.421,1.423,1.407,1.413
2020-06-22,1.372,1.375,1.343,1.351
2020-06-23,1.352,1.395,1.349,1.39
2020-06-24,1.4,1.4,1.375,1.387
2020-06-25,1.385,1.385,1.351,1.354
2020-06-26,1.377,1.383,1.367,1.381
2020-06-29,1.37,1.4,1.37,1.4
2020-06-30,1.373,1.373,1.358,1.363
2020-07-01,1.388,1.409,1.388,1.409
2020-07-02,1.375,1.375,1.349,1.349
2020-07-03,1.342,1.342,1.319,1.327
2020-07-06,1.336,1.347,1.327,1.347
2020-07-07,1.339,1.354,1.337,1.354
2020-07-08,1.342,1.345,1.318,1.33
2020-07-09,1.341,1.347,1.341,1.347
2020-07-10,1.301,1.321,1.296,1.315
2020-07-13,1.319,1.397,1.311,1.393
2020-07-14,1.395,1.395,1.355,1.365
2020-07-15,1.355,1.362,1.343,1.357
2020-07-16,1.352,1.354,1.326,1.326
2020-07-17,1.327,1.327,1.306,1.312
2020-07-20,1.309,1.339,1.302,1.335
2020-07-21,1.338,1.338,1.308,1.308
2020-07-22,1.309,1.311,1.293,1.304
2020-07-23,1.316,1.345,1.315,1.342
2020-07-24,1.337,1.363,1.337,1.351
2020-07-27,1.355,1.356,1.342,1.353
2020-07-28,1.348,1.355,1.329,1.333
2020-07-29,1.318,1.333,1.309,1.327
2020-07-30,1.331,1.333,1.273,1.276
2020-07-31,1.28,1.283,1.245,1.264
2020-08-03,1.27,1.292,1.27,1.291
2020-08-04,1.291,1.292,1.245,1.254
2020-08-05,1.248,1.284,1.248,1.284
2020-08-06,1.291,1.291,1.265,1.267
2020-08-07,1.266,1.276,1.265,1.276
2020-08-10,1.291,1.292,1.25,1.256
2020-08-11,1.257,1.327,1.256,1.327
2020-08-12,1.329,1.359,1.304,1.304
2020-08-13,1.305,1.308,1.27,1.303
2020-08-14,1.284,1.297,1.276,1.297
2020-08-17,1.289,1.334,1.288,1.324
2020-08-18,1.309,1.375,1.306,1.375
2020-08-19,1.37,1.371,1.337,1.367
2020-08-20,1.362,1.363,1.316,1.326
2020-08-21,1.342,1.342,1.306,1.314
2020-08-24,1.319,1.339,1.319,1.331
2020-08-25,1.367,1.37,1.349,1.35
2020-08-26,1.355,1.36,1.341,1.345
2020-08-27,1.332,1.358,1.328,1.357
2020-08-28,1.364,1.431,1.364,1.431
2020-08-31,1.414,1.416,1.383,1.39
2020-09-01,1.374,1.374,1.355,1.366
2020-09-02,1.35,1.369,1.349,1.363
2020-09-03,1.357,1.368,1.345,1.368
2020-09-04,1.355,1.385,1.355,1.385
2020-09-07,1.393,1.404,1.385,1.404
2020-09-08,1.4,1.4,1.379,1.38
2020-09-09,1.383,1.384,1.365,1.375
2020-09-10,1.375,1.381,1.363,1.379
2020-09-11,1.378,1.378,1.358,1.363
2020-09-14,1.36,1.363,1.352,1.357
2020-09-15,1.357,1.364,1.357,1.361
2020-09-16,1.362,1.372,1.355,1.362
2020-09-17,1.363,1.377,1.353,1.355
2020-09-18,1.361,1.362,1.327,1.333
2020-09-21,1.339,1.339,1.283,1.294
2020-09-22,1.291,1.337,1.289,1.325
2020-09-23,1.312,1.371,1.31,1.351
2020-09-24,1.35,1.351,1.323,1.329
2020-09-25,1.332,1.332,1.297,1.297
2020-09-28,1.296,1.314,1.296,1.3
2020-09-29,1.288,1.297,1.286,1.294
2020-09-30,1.297,1.304,1.287,1.303
2020-10-01,1.304,1.324,1.296,1.32
2020-10-02,1.314,1.321,1.308,1.321
2020-10-05,1.321,1.349,1.316,1.349
2020-10-06,1.357,1.36,1.347,1.349
2020-10-07,1.347,1.362,1.333,1.333
2020-10-08,1.326,1.326,1.317,1.317
2020-10-09,1.311,1.312,1.29,1.302
2020-10-12,1.304,1.304,1.283,1.284
2020-10-13,1.281,1.285,1.263,1.263
2020-10-14,1.264,1.264,1.25,1.26
2020-10-15,1.261,1.261,1.23,1.252
2020-10-16,1.258,1.284,1.258,1.281
2020-10-19,1.276,1.29,1.263,1.263
2020-10-20,1.26,1.26,1.242,1.255
2020-10-21,1.269,1.28,1.262,1.266
2020-10-22,1.27,1.271,1.236,1.252
2020-10-23,1.252,1.252,1.234,1.242
2020-10-26,1.232,1.232,1.206,1.206
2020-10-27,1.209,1.209,1.166,1.168
2020-10-28,1.173,1.174,1.133,1.153
2020-10-29,1.155,1.166,1.144,1.144
2020-10-30,1.145,1.179,1.115,1.176
2020-11-02,1.176,1.189,1.176,1.181
2020-11-03,1.191,1.194,1.167,1.168
2020-11-04,1.166,1.166,1.127,1.132
2020-11-05,1.129,1.133,1.119,1.133
2020-11-06,1.14,1.155,1.113,1.154
2020-11-09,1.154,1.245,1.128,1.244
2020-11-10,1.24,1.28,1.234,1.272
2020-11-12,1.265,1.266,1.225,1.225
2020-11-13,1.225,1.225,1.192,1.2
2020-11-16,1.191,1.202,1.161,1.187
2020-11-17,1.194,1.209,1.184,1.192
2020-11-18,1.164,1.179,1.15,1.168
2020-11-19,1.164,1.179,1.145,1.173
2020-11-20,1.173,1.196,1.159,1.179
2020-11-23,1.172,1.228,1.167,1.206
2020-11-24,1.214,1.24,1.214,1.232
2020-11-25,1.232,1.272,1.225,1.238
2020-11-26,1.25,1.254,1.197,1.215
2020-11-27,1.223,1.252,1.216,1.235
2020-11-30,1.234,1.24,1.215,1.227
2020-12-01,1.228,1.257,1.217,1.255
2020-12-02,1.255,1.271,1.241,1.269
2020-12-03,1.268,1.285,1.242,1.283
2020-12-04,1.283,1.421,1.283,1.395
2020-12-07,1.402,1.402,1.352,1.357
2020-12-08,1.354,1.38,1.347,1.351
2020-12-09,1.359,1.385,1.349,1.359
2020-12-10,1.356,1.373,1.356,1.36
2020-12-11,1.36,1.363,1.331,1.341
2020-12-14,1.337,1.362,1.304,1.315
2020-12-15,1.299,1.299,1.242,1.252
2020-12-16,1.258,1.288,1.257,1.282
2020-12-17,1.281,1.281,1.243,1.244
2020-12-18,1.245,1.28,1.245,1.262
2020-12-21,1.249,1.249,1.204,1.218
2020-12-22,1.217,1.25,1.214,1.243
2020-12-23,1.242,1.252,1.228,1.252
2020-12-28,1.253,1.256,1.222,1.222
2020-12-29,1.219,1.242,1.218,1.242
2020-12-30,1.242,1.242,1.215,1.228
2021-01-04,1.22,1.22,1.202,1.208
2021-01-05,1.217,1.227,1.204,1.226
2021-01-07,1.255,1.261,1.219,1.245
2021-01-08,1.255,1.255,1.224,1.224
2021-01-11,1.211,1.219,1.204,1.218
2021-01-12,1.222,1.222,1.21,1.216
2021-01-13,1.207,1.212,1.191,1.194
2021-01-14,1.189,1.191,1.183,1.191
2021-01-15,1.186,1.204,1.183,1.194
2021-01-18,1.173,1.184,1.143,1.179
2021-01-19,1.183,1.183,1.159,1.164
2021-01-20,1.156,1.181,1.147,1.175
2021-01-21,1.169,1.219,1.169,1.219
2021-01-22,1.207,1.215,1.184,1.207
2021-01-25,1.2,1.204,1.168,1.175
2021-01-26,1.174,1.175,1.139,1.139
2021-01-27,1.151,1.152,1.133,1.136
2021-01-28,1.14,1.174,1.136,1.168
2021-01-29,1.169,1.179,1.147,1.149
2021-02-01,1.151,1.153,1.137,1.145
2021-02-02,1.149,1.174,1.149,1.168
2021-02-03,1.188,1.203,1.188,1.198
2021-02-04,1.202,1.223,1.172,1.223
2021-02-05,1.224,1.283,1.219,1.259
2021-02-08,1.26,1.29,1.249,1.249
2021-02-09,1.247,1.253,1.221,1.25
2021-02-10,1.249,1.276,1.248,1.264
2021-02-11,1.268,1.272,1.245,1.272
2021-02-12,1.273,1.327,1.273,1.32
2021-02-15,1.31,1.373,1.31,1.338
2021-02-16,1.339,1.396,1.286,1.375
2021-02-17,1.376,1.376,1.319,1.327
2021-02-18,1.328,1.368,1.283,1.362
2021-02-19,1.349,1.356,1.321,1.337
2021-02-22,1.363,1.363,1.257,1.298
2021-02-23,1.303,1.353,1.302,1.333
2021-02-24,1.334,1.413,1.333,1.407
2021-02-25,1.405,1.539,1.405,1.539
2021-02-26,1.556,1.583,1.522,1.583
2021-03-01,1.597,1.597,1.512,1.526
2021-03-02,1.515,1.528,1.492,1.513
2021-03-03,1.512,1.594,1.51,1.586
2021-03-04,1.607,1.607,1.552,1.577
2021-03-05,1.618,1.663,1.585,1.587
2021-03-08,1.597,1.625,1.582,1.609
2021-03-09,1.612,1.613,1.523,1.542
2021-03-10,1.556,1.556,1.507,1.526
2021-03-11,1.537,1.537,1.434,1.489
2021-03-12,1.51,1.558,1.475,1.554
2021-03-15,1.549,1.55,1.496,1.505
2021-03-16,1.503,1.507,1.49,1.501
2021-03-17,1.516,1.517,1.474,1.485
2021-03-18,1.505,1.542,1.485,1.526
2021-03-19,1.505,1.514,1.472,1.506
2021-03-22,1.5,1.5,1.441,1.478
2021-03-23,1.474,1.494,1.437,1.488
2021-03-24,1.495,1.516,1.477,1.506
2021-03-25,1.507,1.519,1.442,1.461
2021-03-26,1.48,1.49,1.468,1.471
2021-03-29,1.462,1.497,1.453,1.497
2021-03-30,1.495,1.593,1.495,1.591
2021-03-31,1.59,1.629,1.543,1.548
2021-04-01,1.566,1.625,1.532,1.596
2021-04-06,1.59,1.597,1.561,1.566
2021-04-07,1.536,1.558,1.536,1.556
2021-04-08,1.556,1.566,1.546,1.553
2021-04-09,1.585,1.59,1.565,1.569
2021-04-12,1.559,1.56,1.528,1.538
2021-04-13,1.541,1.541,1.492,1.492
2021-04-14,1.495,1.495,1.472,1.484
2021-04-15,1.489,1.489,1.438,1.448
2021-04-16,1.452,1.48,1.452,1.469
2021-04-19,1.472,1.504,1.462,1.504
2021-04-20,1.503,1.553,1.503,1.546
2021-04-21,1.544,1.577,1.544,1.546
2021-04-22,1.546,1.571,1.546,1.567
2021-04-23,1.564,1.575,1.545,1.557
2021-04-26,1.556,1.556,1.546,1.546
2021-04-27,1.548,1.548,1.53,1.534
2021-04-28,1.538,1.564,1.531,1.56
2021-04-29,1.577,1.71,1.577,1.704
2021-04-30,1.682,1.715,1.672,1.7
2021-05-04,1.707,1.707,1.666,1.67
2021-05-05,1.664,1.672,1.651,1.665
2021-05-06,1.676,1.688,1.676,1.686
2021-05-07,1.686,1.7,1.638,1.68
2021-05-10,1.679,1.706,1.679,1.702
2021-05-11,1.709,1.811,1.709,1.8
2021-05-12,1.827,1.829,1.774,1.819
2021-05-13,1.811,1.961,1.811,1.908
2021-05-14,1.883,1.89,1.837,1.874
2021-05-17,1.896,1.998,1.896,1.963
2021-05-18,1.965,1.967,1.906,1.926
2021-05-19,1.921,1.974,1.872,1.872
2021-05-20,1.862,1.911,1.84,1.894
2021-05-21,1.89,1.893,1.828,1.858
2021-05-24,1.847,1.862,1.808,1.82
2021-05-25,1.791,1.811,1.773,1.775
2021-05-26,1.778,1.84,1.719,1.836
2021-05-27,1.849,1.928,1.849,1.903
2021-05-28,1.911,1.911,1.859,1.864
2021-05-31,1.886,1.886,1.826,1.851
2021-06-01,1.866,1.87,1.818,1.857
2021-06-02,1.864,1.864,1.832,1.835
2021-06-04,1.831,1.84,1.813,1.813
2021-06-07,1.809,1.844,1.809,1.839
2021-06-08,1.84,1.862,1.824,1.852
2021-06-09,1.847,1.849,1.83,1.83
2021-06-10,1.827,1.827,1.746,1.766
2021-06-11,1.739,1.768,1.706,1.709
2021-06-14,1.721,1.727,1.71,1.722
2021-06-15,1.721,1.74,1.714,1.731
2021-06-16,1.743,1.748,1.724,1.728
2021-06-17,1.74,1.806,1.74,1.778
2021-06-18,1.769,1.779,1.746,1.756
2021-06-21,1.727,1.768,1.717,1.753
2021-06-22,1.753,1.808,1.753,1.801
2021-06-23,1.798,1.804,1.778,1.797
2021-06-24,1.791,1.828,1.769,1.771
2021-06-25,1.771,1.82,1.768,1.811
2021-06-28,1.834,1.834,1.815,1.815
2021-06-29,1.778,1.812,1.765,1.766
2021-06-30,1.745,1.745,1.631,1.631
2021-07-01,1.622,1.637,1.608,1.616
2021-07-02,1.618,1.697,1.618,1.695
2021-07-05,1.71,1.74,1.71,1.74
2021-07-06,1.74,1.74,1.67,1.67
2021-07-07,1.67,1.67,1.63,1.63
2021-07-08,1.622,1.643,1.574,1.641
2021-07-09,1.698,1.698,1.674,1.674
2021-07-12,1.68,1.68,1.633,1.675
2021-07-13,1.666,1.691,1.663,1.681
2021-07-14,1.697,1.712,1.678,1.683
2021-07-15,1.657,1.662,1.638,1.655
2021-07-16,1.651,1.656,1.638,1.641
2021-07-19,1.63,1.63,1.49,1.494
2021-07-20,1.497,1.536,1.48,1.488
2021-07-21,1.505,1.577,1.497,1.55
2021-07-22,1.548,1.589,1.548,1.562
2021-07-23,1.548,1.558,1.526,1.533
2021-07-26,1.518,1.538,1.47,1.521
2021-07-27,1.503,1.528,1.488,1.505
2021-07-28,1.627,1.677,1.627,1.674
2021-07-29,1.667,1.745,1.648,1.712
2021-07-30,1.704,1.755,1.695,1.702
2021-08-02,1.683,1.683,1.643,1.643
2021-08-03,1.641,1.658,1.641,1.658
2021-08-04,1.701,1.73,1.701,1.73
2021-08-05,1.709,1.732,1.684,1.732
2021-08-06,1.76,1.761,1.723,1.761
2021-08-09,1.786,1.786,1.768,1.779
2021-08-10,1.793,1.809,1.793,1.805
2021-08-11,1.805,1.847,1.802,1.807
2021-08-12,1.778,1.798,1.765,1.796
2021-08-13,1.787,1.798,1.787,1.789
2021-08-16,1.775,1.775,1.712,1.714
2021-08-17,1.691,1.702,1.677,1.702
2021-08-18,1.702,1.712,1.688,1.699
2021-08-19,1.695,1.695,1.677,1.678
2021-08-20,1.681,1.69,1.677,1.681
2021-08-23,1.692,1.719,1.681,1.717
2021-08-24,1.707,1.729,1.707,1.729
2021-08-25,1.736,1.758,1.736,1.755
2021-08-26,1.778,1.798,1.778,1.796
2021-08-27,1.795,1.801,1.778,1.783
2021-08-30,1.774,1.778,1.771,1.771
2021-08-31,1.764,1.808,1.762,1.8
2021-09-01,1.837,1.88,1.834,1.868
2021-09-02,1.875,1.909,1.861,1.906
2021-09-03,1.909,1.992,1.909,1.972
2021-09-06,1.98,1.98,1.933,1.936
2021-09-07,1.934,2.007,1.934,1.988
2021-09-08,1.972,1.993,1.959,1.993
2021-09-09,1.995,1.995,1.934,1.944
2021-09-10,1.95,1.998,1.95,1.998
2021-09-13,1.982,2.004,1.982,1.992
2021-09-14,2.013,2.02,1.995,1.995
2021-09-15,1.962,1.973,1.941,1.973
2021-09-16,1.992,2.032,1.989,2.022
2021-09-17,2.021,2.04,2.008,2.04
2021-09-20,2.016,2.025,1.967,1.993
2021-09-21,1.995,1.995,1.949,1.962
2021-09-22,1.972,1.972,1.965,1.966
2021-09-23,1.976,2.007,1.976,2.007
2021-09-24,2.02,2.059,2.02,2.044
2021-09-27,2.014,2.078,2.014,2.056
2021-09-28,2.091,2.154,2.073,2.101
2021-09-29,2.106,2.114,2.057,2.111
2021-09-30,2.149,2.191,2.145,2.167
2021-10-01,2.144,2.202,2.137,2.174
2021-10-04,2.225,2.26,2.22,2.249
2021-10-05,2.223,2.244,2.223,2.228
2021-10-06,2.257,2.395,2.249,2.391
2021-10-07,2.424,2.454,2.383,2.385
2021-10-08,2.411,2.451,2.411,2.414
2021-10-11,2.438,2.502,2.438,2.487
2021-10-12,2.525,2.54,2.52,2.54
2021-10-13,2.51,2.52,2.51,2.52
2021-10-14,2.639,2.639,2.49,2.49
2021-10-15,2.543,2.599,2.543,2.59
2021-10-18,2.6,2.713,2.6,2.695
2021-10-19,2.694,2.694,2.684,2.688
2021-10-20,2.694,2.717,2.662,2.662
2021-10-21,2.665,2.691,2.665,2.689
2021-10-22,2.727,2.779,2.724,2.773
2021-10-25,2.79,2.865,2.79,2.865
2021-10-26,2.853,2.872,2.853,2.86
2021-10-27,2.866,2.866,2.803,2.803
2021-10-28,2.832,2.845,2.829,2.845
2021-10-29,2.876,2.876,2.82,2.82
2021-11-02,2.816,2.848,2.816,2.848
2021-11-03,2.816,2.856,2.816,2.853
2021-11-04,2.973,2.973,2.917,2.964
2021-11-05,2.887,2.889,2.84,2.84
2021-11-08,2.875,2.908,2.875,2.894
2021-11-09,2.918,2.918,2.839,2.839
2021-11-10,2.826,2.846,2.826,2.846
2021-11-12,2.822,2.838,2.822,2.838
2021-11-15,2.915,2.918,2.91,2.91
2021-11-16,2.955,2.959,2.935,2.94
2021-11-17,2.978,3.057,2.978,3.057
2021-11-18,3.146,3.193,3.146,3.193
2021-11-19,3.373,3.386,3.318,3.318
2021-11-22,3.231,3.263,3.219,3.219
2021-11-23,3.377,3.394,3.375,3.391
2021-11-24,3.404,3.404,3.395,3.395
2021-11-25,3.404,3.406,3.381,3.405
2021-11-26,3.16,3.16,3.07,3.07
2021-11-29,3.15,3.152,3.148,3.151
2021-11-30,3.139,3.139,3.036,3.036
2021-12-01,3.102,3.18,3.102,3.171
2021-12-02,3.259,3.288,3.259,3.281
2021-12-03,3.283,3.283,3.242,3.242
2021-12-06,3.19,3.19,3.14,3.14
2021-12-07,3.15,3.15,3.07,3.07
2021-12-08,3.087,3.087,3.07,3.072
2021-12-09,3.044,3.076,3.013,3.076
2021-12-10,3.124,3.178,3.124,3.178
2021-12-13,3.185,3.185,3.146,3.161
2021-12-14,3.154,3.172,3.154,3.172
2021-12-15,3.191,3.223,3.191,3.21
2021-12-16,3.184,3.185,3.126,3.126
2021-12-17,3.135,3.135,3.078,3.124
2021-12-20,3.166,3.309,3.166,3.309
2021-12-21,3.398,3.451,3.382,3.401
2021-12-22,3.471,3.489,3.471,3.487
2021-12-23,3.483,3.483,3.483,3.483
2021-12-27,3.527,3.527,3.474,3.51
2021-12-28,3.51,3.51,3.51,3.51
2021-12-29,3.534,3.56,3.534,3.56
2021-12-30,3.619,3.638,3.619,3.638
2022-01-03,3.687,3.729,3.686,3.721
2022-01-04,3.785,3.91,3.785,3.877
2022-01-05,3.895,3.902,3.829,3.845
2022-01-07,3.976,3.976,3.955,3.958
2022-01-10,4.012,4.04,3.975,4.03
2022-01-11,3.982,3.982,3.908,3.966
2022-01-12,4.018,4.018,3.955,3.967
2022-01-13,4.006,4.006,3.945,3.95
2022-01-14,3.948,4.005,3.948,4.002
2022-01-17,4.033,4.041,4.033,4.039
2022-01-18,4.056,4.094,4.056,4.094
2022-01-19,4.11,4.121,4.012,4.012
2022-01-20,4.01,4.01,3.912,3.912
2022-01-21,3.847,3.847,3.813,3.813
2022-01-24,3.888,3.98,3.888,3.901
2022-01-25,3.97,3.984,3.854,3.875
2022-01-26,3.888,3.963,3.888,3.903
2022-01-27,3.945,4.033,3.945,4.008
2022-01-28,4.012,4.041,4.012,4.032
2022-01-31,4.036,4.082,4.013,4.076
2022-02-01,4.082,4.11,4.006,4.023
2022-02-02,4.054,4.054,3.98,3.985
2022-02-03,3.984,4.031,3.952,4.007
2022-02-04,3.988,3.988,3.808,3.877
2022-02-07,3.886,3.886,3.864,3.876
2022-02-08,3.865,3.894,3.839,3.884
2022-02-09,3.809,3.938,3.809,3.917
2022-02-10,3.923,3.983,3.915,3.977
2022-02-11,3.965,4.012,3.965,3.984
2022-02-14,3.978,4.043,3.978,4.036
2022-02-15,4.047,4.047,3.977,3.977
2022-02-16,3.939,3.939,3.875,3.911
2022-02-17,3.927,3.954,3.875,3.878
2022-02-18,3.89,3.899,3.825,3.874
2022-02-21,3.882,3.901,3.807,3.829
2022-02-22,3.805,3.907,3.805,3.902
2022-02-23,3.938,3.964,3.884,3.959
2022-02-24,4.03,4.069,4.011,4.036
2022-02-25,4.067,4.127,4.004,4.006
2022-02-28,4.049,4.104,4.049,4.092
2022-03-01,4.076,4.076,3.975,3.975
2022-03-02,3.947,4.041,3.947,4.041
2022-03-03,4.091,4.127,4.088,4.104
2022-03-04,4.139,4.34,4.139,4.34
2022-03-07,4.759,4.759,4.67,4.67
2022-03-08,4.714,4.765,4.64,4.64
2022-03-09,4.853,4.941,4.807,4.807
2022-03-10,4.898,5.035,4.865,4.998
2022-03-11,4.97,5.056,4.916,4.918
2022-03-14,4.924,5.096,4.924,5.052
2022-03-15,5.064,5.116,4.847,4.852
2022-03-16,4.885,4.885,4.702,4.702
2022-03-17,4.707,4.732,4.575,4.701
2022-03-18,4.674,4.702,4.668,4.679
2022-03-21,4.695,4.879,4.695,4.879
2022-03-22,4.95,5.104,4.95,5.018
2022-03-23,5.073,5.158,5.073,5.105
2022-03-24,5.137,5.37,5.137,5.354
2022-03-25,5.282,5.374,5.282,5.374
2022-03-28,5.46,5.547,5.46,5.475
2022-03-29,5.484,5.509,5.167,5.18
2022-03-30,5.162,5.261,5.162,5.182
2022-03-31,5.089,5.209,5.066,5.192
2022-04-01,5.225,5.399,5.225,5.342
2022-04-04,5.339,5.383,5.323,5.369
2022-04-05,5.415,5.428,5.348,5.417
2022-04-06,5.458,5.597,5.458,5.558
2022-04-07,5.522,5.817,5.508,5.817
2022-04-08,5.799,6.081,5.799,6.053
2022-04-11,6.079,6.202,6.079,6.202
2022-04-12,6.228,6.27,6.091,6.114
2022-04-13,6.128,6.128,5.863,5.863
2022-04-14,5.677,5.894,5.677,5.894
2022-04-19,5.937,6.262,5.937,6.261
2022-04-20,6.197,6.197,6.01,6.069
2022-04-21,6.12,6.201,6.12,6.16
2022-04-22,6.239,6.423,6.239,6.304
2022-04-25,6.283,6.284,6.062,6.228
2022-04-26,6.128,6.128,6.018,6.052
2022-04-27,6.137,6.188,6.088,6.116
2022-04-28,6.156,6.23,6.059,6.23
2022-04-29,6.316,6.46,6.315,6.344
2022-05-02,6.345,6.405,6.345,6.399
2022-05-04,6.442,6.576,6.442,6.561
2022-05-05,6.52,6.565,6.472,6.506
2022-05-06,6.614,6.795,6.614,6.778
2022-05-09,6.797,7.005,6.775,6.951
2022-05-10,7.012,7.014,6.891,6.931
2022-05-11,6.918,6.926,6.815,6.919
2022-05-12,6.847,6.847,6.665,6.682
2022-05-13,6.678,6.831,6.663,6.831
2022-05-16,6.806,6.846,6.671,6.678
2022-05-17,6.693,6.701,6.562,6.609
2022-05-18,6.539,6.661,6.538,6.63
2022-05-19,6.613,6.613,6.51,6.53
2022-05-20,6.555,6.587,6.48,6.49
2022-05-23,6.482,6.507,6.379,6.497
2022-05-24,6.535,6.577,6.485,6.52
2022-05-25,6.51,6.558,6.503,6.545
2022-05-26,6.538,6.636,6.516,6.63
2022-05-27,6.638,6.766,6.607,6.67
2022-05-30,6.672,6.799,6.617,6.622
2022-05-31,6.575,6.6,6.497,6.534
2022-06-01,6.594,6.623,6.443,6.484
2022-06-02,6.526,6.583,6.526,6.583
2022-06-03,6.615,6.66,6.588,6.648
2022-06-06,6.635,6.674,6.58,6.588
2022-06-07,6.576,6.576,6.496,6.569
2022-06-08,6.562,6.782,6.562,6.741
2022-06-09,6.728,7.091,6.726,6.938
2022-06-10,6.938,7.172,6.926,7.155
2022-06-13,7.16,7.621,7.16,7.621
2022-06-14,7.641,7.727,7.606,7.715
2022-06-15,7.736,7.877,7.708,7.817
2022-06-17,7.878,7.88,7.817,7.844
2022-06-20,7.851,8.094,7.847,8.054
2022-06-21,8.071,8.125,7.643,7.646
2022-06-22,7.405,7.456,7.148,7.148
2022-06-23,7.159,7.159,6.842,6.907
2022-06-24,6.911,7.032,6.785,6.996
2022-06-27,7.031,7.259,7.031,7.259
2022-06-28,7.45,7.469,7.219,7.231
2022-06-29,7.108,7.122,7.023,7.086
2022-06-30,7.047,7.047,6.839,6.87
2022-07-01,6.706,6.725,6.453,6.475
2022-07-04,6.542,6.636,6.508,6.508
2022-07-05,6.513,6.675,6.49,6.675
2022-07-06,6.686,6.725,6.597,6.681
2022-07-07,6.713,6.828,6.599,6.694
2022-07-08,6.689,6.743,6.606,6.662
2022-07-11,6.532,6.533,6.464,6.533
2022-07-12,6.631,6.849,6.61,6.666
2022-07-13,6.672,6.866,6.672,6.863
2022-07-14,6.811,6.997,6.811,6.873
2022-07-15,6.744,6.755,6.655,6.713
2022-07-18,6.601,6.71,6.554,6.671
2022-07-19,6.648,6.754,6.617,6.646
2022-07-20,6.629,6.629,6.514,6.544
2022-07-21,6.489,6.489,6.151,6.151
2022-07-22,6.141,6.141,5.877,5.877
2022-07-25,5.872,5.896,5.823,5.85
2022-07-26,5.839,5.839,5.633,5.717
2022-07-27,5.718,5.845,5.718,5.817
2022-07-28,5.815,5.872,5.777,5.777
2022-07-29,5.766,5.821,5.431,5.542
2022-08-01,5.526,5.526,5.324,5.368
2022-08-02,5.345,5.54,5.322,5.534
2022-08-03,5.67,5.817,5.646,5.798
2022-08-04,5.707,5.767,5.551,5.595
2022-08-05,5.591,5.591,5.44,5.491
2022-08-08,5.453,5.482,5.354,5.463
2022-08-09,5.489,5.562,5.484,5.551
2022-08-10,5.547,5.547,5.414,5.423
2022-08-11,5.408,5.471,5.332,5.368
2022-08-12,5.399,5.452,5.333,5.337
2022-08-16,5.356,5.495,5.346,5.49
2022-08-17,5.508,5.712,5.508,5.681
2022-08-18,5.773,5.858,5.764,5.795
2022-08-19,5.853,6.112,5.853,5.968
2022-08-22,5.919,6.128,5.912,6.12
2022-08-23,6.091,6.381,6.076,6.291
2022-08-24,6.345,6.466,6.308,6.355
2022-08-25,6.35,6.351,6.187,6.224
2022-08-26,6.188,6.256,6.148,6.256
2022-08-29,6.244,6.376,6.244,6.341
2022-08-30,6.332,6.332,6.076,6.139
2022-08-31,6.077,6.29,6.016,6.145
2022-09-01,6.18,6.213,6.101,6.14
2022-09-02,6.131,6.131,5.981,6.021
2022-09-05,5.986,6.155,5.986,6.104
2022-09-06,6.159,6.174,5.973,6.171
2022-09-07,6.135,6.168,6.057,6.081
2022-09-08,6.104,6.131,5.997,6.049
2022-09-09,6.07,6.122,5.973,6.001
2022-09-12,6.001,6.001,5.835,5.86
2022-09-13,5.888,5.908,5.74,5.862
2022-09-14,5.841,5.995,5.84,5.964
2022-09-15,5.972,6.056,5.959,6.056
2022-09-16,6.102,6.194,6.09,6.13
2022-09-19,6.099,6.143,6.09,6.115
2022-09-20,6.117,6.21,6.117,6.162
2022-09-21,6.153,6.153,6.054,6.103
2022-09-22,6.104,6.207,6.104,6.174
2022-09-23,6.175,6.408,6.12,6.407
2022-09-26,6.418,6.822,6.418,6.762
2022-09-27,6.765,6.854,6.651,6.845
2022-09-28,6.866,7.139,6.865,6.986
2022-09-29,6.997,7.319,6.997,7.23
2022-09-30,7.24,7.261,7.076,7.115
2022-10-03,7.149,7.217,6.957,6.958
2022-10-04,6.965,6.965,6.777,6.85
2022-10-05,6.865,7.08,6.808,7.077
2022-10-06,7.086,7.192,6.989,7.168
2022-10-07,7.19,7.404,7.188,7.312
2022-10-10,7.328,7.533,7.315,7.482
2022-10-11,7.482,7.825,7.482,7.805
2022-10-12,7.806,8.175,7.806,8.156
2022-10-13,8.16,8.19,7.787,7.79
2022-10-14,7.791,7.835,7.536,7.706
2022-10-17,7.698,7.966,7.698,7.947
2022-10-18,8.066,8.227,8.066,8.149
2022-10-19,8.195,8.46,8.195,8.313
2022-10-20,8.469,8.604,8.352,8.603
2022-10-21,8.683,9.047,8.683,8.707
2022-10-24,8.709,8.709,8.259,8.264
2022-10-25,8.044,8.131,7.985,7.997
2022-10-26,7.96,8.012,7.84,7.939
2022-10-27,7.944,8.206,7.848,7.863
2022-10-28,7.864,8.259,7.838,8.107
2022-10-31,8.11,8.352,8.11,8.337
2022-11-02,8.315,8.38,8.236,8.312
2022-11-03,8.317,8.591,8.24,8.316
2022-11-04,8.319,8.319,8.143,8.17
2022-11-07,8.218,8.218,7.862,7.925
2022-11-08,7.927,7.995,7.76,7.775
2022-11-09,7.777,7.777,7.624,7.662
2022-11-10,7.667,7.667,7.184,7.184
2022-11-14,7.174,7.26,7.064,7.248
2022-11-15,7.249,7.249,6.87,6.955
2022-11-16,6.955,7.255,6.924,7.003
2022-11-17,7.007,7.193,6.912,7.157
2022-11-18,7.265,7.303,6.982,7.013
2022-11-21,7.011,7.114,6.962,7.008
2022-11-22,7.008,7.024,6.761,6.839
2022-11-23,6.841,6.969,6.774,6.804
2022-11-24,6.809,6.809,6.606,6.648
2022-11-25,6.649,6.905,6.649,6.872
2022-11-28,6.873,6.873,6.768,6.772
2022-11-29,6.773,6.773,6.598,6.706
2022-11-30,6.708,6.728,6.546,6.581
2022-12-01,6.585,6.585,6.342,6.402
2022-12-02,6.397,6.397,6.282,6.377
2022-12-05,6.373,6.688,6.368,6.681
2022-12-06,6.683,6.73,6.545,6.6
2022-12-07,6.601,6.604,6.495,6.503
2022-12-08,6.509,6.51,6.345,6.448
2022-12-09,6.449,6.492,6.356,6.444
2022-12-12,6.405,6.573,6.405,6.566
2022-12-13,6.567,6.703,6.421,6.453
2022-12-14,6.428,6.449,6.337,6.414
2022-12-15,6.418,6.517,6.37,6.508
2022-12-16,6.509,6.708,6.509,6.66
2022-12-19,6.662,6.842,6.662,6.783
2022-12-20,6.785,6.883,6.74,6.758
2022-12-21,6.76,6.761,6.554,6.575
2022-12-22,6.579,6.706,6.489,6.7
2022-12-23,6.701,6.741,6.669,6.701
2022-12-27,6.705,6.761,6.703,6.742
2022-12-28,6.744,6.758,6.658,6.733
2022-12-29,6.736,6.955,6.733,6.894
2022-12-30,6.896,6.896,6.795,6.845
2023-01-02,6.847,6.851,6.687,6.755
2023-01-03,6.761,6.762,6.535,6.583
2023-01-04,6.603,6.603,6.348,6.354
2023-01-05,6.358,6.38,6.093,6.114
2023-01-09,6.115,6.115,5.764,5.82
2023-01-10,5.816,6.034,5.816,6.022
2023-01-11,6.016,6.016,5.826,5.918
2023-01-12,5.922,5.967,5.83,5.885
2023-01-13,5.886,6.007,5.829,5.982
2023-01-16,5.984,6.163,5.976,6.01
2023-01-17,6.011,6.155,5.979,6.007
2023-01-18,6.013,6.013,5.755,5.819
2023-01-19,5.822,6.005,5.822,5.918
2023-01-20,5.921,6.03,5.91,5.959
2023-01-23,5.957,6.053,5.913,6.026
2023-01-24,6.027,6.102,5.954,5.97
2023-01-25,5.971,5.971,5.864,5.891
2023-01-26,5.895,5.927,5.808,5.854
2023-01-27,5.856,5.919,5.736,5.771
2023-01-30,5.772,5.897,5.772,5.891
2023-01-31,5.893,5.998,5.861,5.997
2023-02-01,5.989,5.996,5.953,5.978
2023-02-02,5.894,5.894,5.722,5.736
2023-02-03,5.704,5.727,5.636,5.679
2023-02-06,5.713,5.934,5.713,5.854
2023-02-07,5.922,6.123,5.841,6.108
2023-02-08,6.108,6.108,5.919,5.979
2023-02-09,5.979,5.979,5.838,5.914
2023-02-10,5.914,6.094,5.914,6.091
2023-02-13,6.123,6.17,6.091,6.136
2023-02-14,6.136,6.187,6.071,6.187
2023-02-15,6.187,6.228,6.001,6.167
2023-02-16,6.183,6.378,6.082,6.326
2023-02-17,6.418,6.526,6.404,6.444
2023-02-20,6.441,6.548,6.439,6.548
2023-02-21,6.633,6.719,6.619,6.669
2023-02-22,6.646,6.689,6.597,6.614
2023-02-23,6.669,6.691,6.56,6.581
2023-02-24,6.476,6.56,6.434,6.554
2023-02-27,6.575,6.629,6.519,6.53
2023-02-28,6.53,6.64,6.486,6.53
2023-03-01,6.53,6.624,6.5,6.54
2023-03-02,6.604,6.643,6.544,6.641
2023-03-03,6.64,6.64,6.505,6.516
2023-03-06,6.516,6.516,6.333,6.396
2023-03-07,6.396,6.402,6.268,6.312
2023-03-08,6.312,6.353,6.234,6.238
2023-03-09,6.237,6.294,6.216,6.234
2023-03-10,6.165,6.223,6.079,6.105
2023-03-13,6.085,6.089,5.889,6
2023-03-14,6,6.194,5.987,6.156
2023-03-15,6.156,6.21,6.004,6.017
2023-03-16,6.018,6.106,5.985,5.999
2023-03-17,5.999,6.115,5.926,5.979
2023-03-20,5.974,5.974,5.85,5.938
2023-03-21,5.938,6.011,5.938,5.976
2023-03-22,5.976,6.076,5.976,5.99
2023-03-23,5.99,5.99,5.885,5.93
2023-03-24,5.929,6.011,5.796,6.004
2023-03-27,6.005,6.082,6.005,6.034
2023-03-28,6.033,6.072,6.033,6.062
2023-03-29,6.062,6.107,6.011,6.062
2023-03-30,6.062,6.073,6.02,6.052
2023-03-31,6.051,6.112,6.01,6.043
2023-04-03,6.043,6.121,6.025,6.025
2023-04-04,6.026,6.14,6.026,6.043
2023-04-05,6.043,6.085,6.043,6.069
2023-04-06,6.069,6.081,5.982,6.051
2023-04-11,6.108,6.155,6.098,6.149
2023-04-12,6.149,6.204,6.113,6.203
2023-04-13,6.203,6.257,6.178,6.2
2023-04-14,6.2,6.207,6.152,6.179
2023-04-17,6.179,6.202,6.162,6.17
2023-04-18,6.17,6.213,6.12,6.13
2023-04-19,6.131,6.171,6.127,6.157
2023-04-20,6.157,6.178,6.083,6.083
2023-04-21,6.084,6.085,6.046,6.056
2023-04-24,6.054,6.054,5.998,6
2023-04-25,5.999,5.999,5.886,5.91
2023-04-26,5.909,5.986,5.886,5.946
2023-04-27,5.946,5.973,5.915,5.956
2023-04-28,5.965,5.965,5.841,5.887
2023-05-02,5.938,5.938,5.794,5.799
2023-05-04,5.844,5.845,5.753,5.756
2023-05-05,5.758,5.828,5.755,5.804
2023-05-08,5.813,5.838,5.805,5.807
2023-05-09,5.803,5.832,5.774,5.82
2023-05-10,5.82,5.836,5.763,5.781
2023-05-11,5.782,5.782,5.693,5.735
2023-05-12,5.735,5.766,5.712,5.721
2023-05-15,5.721,5.843,5.721,5.838
2023-05-16,5.888,5.951,5.883,5.948
2023-05-17,5.947,5.953,5.885,5.923
2023-05-18,5.923,5.982,5.923,5.977
2023-05-19,5.978,5.99,5.934,5.96
2023-05-22,5.963,6.039,5.937,6.038
2023-05-23,6.038,6.108,6.037,6.081
2023-05-24,6.082,6.094,6.064,6.084
2023-05-25,6.085,6.153,6.085,6.148
2023-05-26,6.149,6.189,6.144,6.15
2023-05-29,6.15,6.15,6.046,6.046
2023-05-30,6.05,6.056,6.004,6.056
2023-05-31,6.056,6.056,5.968,6.022
2023-06-01,6.045,6.054,5.929,5.944
2023-06-02,5.944,5.984,5.944,5.966
2023-06-05,5.996,6.001,5.922,5.929
2023-06-06,5.929,5.94,5.878,5.937
2023-06-07,5.937,5.981,5.902,5.958
2023-06-09,5.958,5.958,5.88,5.893
2023-06-12,5.929,5.966,5.877,5.913
2023-06-13,5.902,5.957,5.883,5.957
2023-06-14,5.961,6.01,5.954,6.008
2023-06-15,6.073,6.125,6.037,6.046
2023-06-16,6.046,6.082,6.041,6.055
2023-06-19,5.995,6.026,5.985,6.026
2023-06-20,6.026,6.026,5.95,5.961
2023-06-21,5.961,5.981,5.908,5.971
2023-06-22,5.963,5.963,5.851,5.924
2023-06-23,5.924,5.924,5.796,5.817
2023-06-26,5.817,5.817,5.735,5.764
2023-06-27,5.764,5.813,5.728,5.765
2023-06-28,5.764,5.812,5.742,5.789
2023-06-29,5.789,5.835,5.768,5.803
2023-06-30,5.803,5.825,5.725,5.76
2023-07-03,5.761,5.761,5.7,5.713
2023-07-04,5.713,5.74,5.7,5.7
2023-07-05,5.701,5.729,5.701,5.71
2023-07-06,5.71,5.877,5.71,5.857
2023-07-07,5.869,5.945,5.782,5.785
2023-07-10,5.788,5.788,5.71,5.723
2023-07-11,5.723,5.736,5.678,5.718
2023-07-12,5.718,5.718,5.605,5.606
2023-07-13,5.606,5.606,5.461,5.557
2023-07-14,5.557,5.632,5.434,5.524
2023-07-17,5.527,5.547,5.412,5.437
2023-07-18,5.435,5.435,5.311,5.337
2023-07-19,5.336,5.436,5.296,5.41
2023-07-20,5.409,5.505,5.407,5.475
2023-07-21,5.474,5.499,5.42,5.42
2023-07-24,5.425,5.425,5.33,5.397
2023-07-25,5.396,5.433,5.396,5.41
2023-07-26,5.405,5.465,5.405,5.446
2023-07-27,5.447,5.452,5.385,5.439
2023-07-28,5.439,5.512,5.439,5.485
2023-07-31,5.5,5.5,5.411,5.415
2023-08-01,5.415,5.443,5.361,5.438
2023-08-02,5.438,5.474,5.414,5.473
2023-08-03,5.473,5.622,5.473,5.593
2023-08-04,5.592,5.637,5.547,5.558
2023-08-07,5.55,5.592,5.55,5.564
2023-08-08,5.564,5.564,5.488,5.51
2023-08-09,5.511,5.517,5.498,5.501
2023-08-10,5.501,5.519,5.464,5.476
2023-08-11,5.476,5.526,5.475,5.511
2023-08-14,5.511,5.566,5.511,5.559
2023-08-16,5.559,5.569,5.531,5.549
2023-08-17,5.548,5.684,5.548,5.673
2023-08-18,5.629,5.694,5.629,5.681
2023-08-21,5.681,5.795,5.66,5.788
2023-08-22,5.788,5.802,5.745,5.76
2023-08-23,5.761,5.761,5.633,5.64
2023-08-24,5.64,5.649,5.596,5.605
2023-08-25,5.604,5.715,5.604,5.698
2023-08-28,5.698,5.751,5.697,5.719
2023-08-29,5.719,5.719,5.638,5.656
2023-08-30,5.656,5.687,5.541,5.571
2023-08-31,5.566,5.635,5.535,5.57
2023-09-01,5.57,5.6,5.524,5.599
2023-09-04,5.599,5.608,5.588,5.59
2023-09-05,5.59,5.594,5.54,5.555
2023-09-06,5.555,5.572,5.55,5.556
2023-09-07,5.646,5.735,5.639,5.699
2023-09-08,5.7,5.7,5.548,5.574
2023-09-11,5.578,5.585,5.517,5.518
2023-09-12,5.518,5.638,5.518,5.617
2023-09-13,5.617,5.697,5.606,5.613
2023-09-14,5.618,5.639,5.566,5.585
2023-09-15,5.585,5.606,5.575,5.589
2023-09-18,5.589,5.626,5.589,5.626
2023-09-19,5.625,5.691,5.622,5.68
2023-09-20,5.679,5.702,5.641,5.658
2023-09-21,5.694,5.8,5.694,5.779
2023-09-22,5.787,5.789,5.747,5.775
2023-09-25,5.774,5.829,5.774,5.81
2023-09-26,5.812,5.835,5.756,5.789
2023-09-27,5.789,5.818,5.779,5.815
2023-09-28,5.816,5.958,5.816,5.951
2023-09-29,5.95,5.95,5.828,5.899
2023-10-02,5.892,5.917,5.87,5.891
2023-10-03,5.891,5.893,5.841,5.858
2023-10-04,5.857,5.966,5.857,5.966
2023-10-05,5.967,5.986,5.925,5.95
2023-10-06,5.95,6.008,5.917,5.988
2023-10-09,5.988,6.008,5.979,5.994
2023-10-10,5.994,5.999,5.889,5.891
2023-10-11,5.901,5.901,5.742,5.765
2023-10-12,5.765,5.801,5.742,5.773
2023-10-13,5.765,5.832,5.75,5.82
2023-10-16,5.644,5.673,5.595,5.646
2023-10-17,5.649,5.761,5.636,5.744
2023-10-18,5.742,5.763,5.686,5.763
2023-10-19,5.762,5.912,5.762,5.895
2023-10-20,5.889,5.973,5.889,5.951
2023-10-23,5.952,6.085,5.952,6.021
2023-10-24,6.021,6.021,5.867,5.899
2023-10-25,5.901,5.921,5.858,5.912
2023-10-26,5.91,5.947,5.8,5.807
2023-10-27,5.807,5.811,5.755,5.756
2023-10-30,5.755,5.757,5.702,5.732
2023-10-31,5.723,5.723,5.637,5.654
2023-11-02,5.65,5.65,5.543,5.584
2023-11-03,5.595,5.595,5.45,5.453
2023-11-06,5.452,5.527,5.435,5.521
2023-11-07,5.518,5.518,5.467,5.501
2023-11-08,5.488,5.518,5.454,5.466
2023-11-09,5.466,5.6,5.466,5.574
2023-11-10,5.572,5.672,5.564,5.607
2023-11-13,5.599,5.726,5.599,5.697
2023-11-14,5.7,5.736,5.583,5.585
2023-11-15,5.585,5.62,5.549,5.593
2023-11-16,5.58,5.585,5.434,5.449
2023-11-17,5.437,5.497,5.393,5.468
2023-11-20,5.494,5.527,5.467,5.502
2023-11-21,5.456,5.512,5.441,5.495
2023-11-22,5.466,5.553,5.466,5.553
2023-11-23,5.529,5.623,5.516,5.596
2023-11-24,5.617,5.665,5.598,5.62
2023-11-27,5.648,5.648,5.611,5.64
2023-11-28,5.611,5.615,5.534,5.559
2023-11-29,5.53,5.53,5.443,5.501
2023-11-30,5.454,5.529,5.436,5.502
2023-12-01,5.503,5.527,5.441,5.447
2023-12-04,5.45,5.491,5.423,5.491
2023-12-05,5.45,5.452,5.367,5.377
2023-12-06,5.38,5.41,5.312,5.353
2023-12-07,5.325,5.356,5.293,5.302
2023-12-08,5.3,5.364,5.266,5.338
2023-12-11,5.348,5.405,5.348,5.405
2023-12-12,5.378,5.378,5.283,5.329
2023-12-13,5.287,5.322,5.28,5.314
2023-12-14,5.194,5.2,5.061,5.137
2023-12-15,5.147,5.147,4.976,5.04
2023-12-18,5.021,5.104,5.007,5.104
2023-12-19,5.055,5.067,4.996,5.035
2023-12-20,4.995,5.011,4.963,5.011
2023-12-21,4.991,5.094,4.972,5.085
2023-12-22,5.062,5.155,5.048,5.155
2023-12-27,5.188,5.207,5.175,5.181
2023-12-28,5.175,5.187,5.148,5.161
2023-12-29,5.159,5.218,5.154,5.217
2024-01-02,5.19,5.313,5.19,5.287
2024-01-03,5.308,5.344,5.281,5.295
2024-01-04,5.234,5.306,5.223,5.306
2024-01-05,5.28,5.357,5.199,5.269
2024-01-08,5.263,5.281,5.194,5.197
2024-01-09,5.21,5.233,5.121,5.156
2024-01-10,5.12,5.17,5.052,5.169
2024-01-11,5.127,5.139,5.015,5.079
2024-01-12,5.103,5.103,4.948,5.054
2024-01-15,5.089,5.172,5.089,5.162
2024-01-16,5.139,5.24,5.137,5.217
2024-01-17,5.24,5.279,5.2,5.274
2024-01-18,5.232,5.258,5.185,5.232
2024-01-19,5.227,5.287,5.179,5.287
2024-01-22,5.255,5.272,5.178,5.245
2024-01-23,5.268,5.338,5.251,5.311
2024-01-24,5.323,5.42,5.28,5.42
2024-01-25,5.393,5.479,5.335,5.39
2024-01-26,5.355,5.437,5.354,5.432
2024-01-29,5.381,5.433,5.358,5.433
2024-01-30,5.38,5.407,5.309,5.39
2024-01-31,5.322,5.322,5.191,5.226
2024-02-01,5.194,5.237,5.119,5.156
2024-02-02,5.145,5.269,5.096,5.269
2024-02-05,5.245,5.37,5.245,5.37
2024-02-06,5.302,5.36,5.289,5.318
2024-02-07,5.29,5.351,5.256,5.351
2024-02-08,5.328,5.441,5.325,5.405
2024-02-09,5.383,5.396,5.324,5.348
2024-02-12,5.341,5.434,5.333,5.433
2024-02-13,5.405,5.492,5.391,5.491
2024-02-14,5.464,5.479,5.364,5.415
2024-02-15,5.39,5.39,5.28,5.374
2024-02-16,5.349,5.458,5.349,5.458
2024-02-19,5.43,5.537,5.43,5.5
2024-02-20,5.492,5.502,5.412,5.414
2024-02-21,5.418,5.46,5.381,5.441
2024-02-22,5.44,5.47,5.36,5.383
2024-02-23,5.38,5.444,5.286,5.318
2024-02-26,5.316,5.319,5.281,5.316
2024-02-27,5.316,5.359,5.272,5.359
2024-02-28,5.356,5.365,5.309,5.343
2024-02-29,5.32,5.38,5.31,5.312
2024-03-01,5.313,5.331,5.233,5.243
2024-03-04,5.24,5.248,5.214,5.24
2024-03-05,5.24,5.24,5.191,5.223
2024-03-06,5.222,5.311,5.208,5.26
2024-03-07,5.273,5.316,5.251,5.287
2024-03-08,5.261,5.281,5.249,5.261
2024-03-11,5.242,5.324,5.239,5.312
2024-03-12,5.309,5.383,5.309,5.373
2024-03-13,5.378,5.446,5.364,5.423
2024-03-14,5.426,5.465,5.386,5.454
2024-03-15,5.454,5.475,5.402,5.432
2024-03-18,5.436,5.545,5.429,5.545
2024-03-19,5.536,5.577,5.481,5.486
2024-03-20,5.484,5.496,5.433,5.486
2024-03-21,5.482,5.489,5.415,5.486
2024-03-22,5.469,5.577,5.469,5.54
2024-03-25,5.538,5.595,5.532,5.588
2024-03-26,5.592,5.597,5.53,5.553
2024-03-27,5.543,5.544,5.468,5.476
2024-03-28,5.475,5.497,5.402,5.433
2024-04-02,5.348,5.512,5.348,5.471
2024-04-03,5.468,5.525,5.464,5.479
2024-04-04,5.477,5.483,5.404,5.452
2024-04-05,5.456,5.547,5.432,5.538
2024-04-08,5.551,5.593,5.551,5.562
2024-04-09,5.554,5.587,5.532,5.534
2024-04-10,5.533,5.636,5.526,5.625
2024-04-11,5.624,5.699,5.624,5.693
2024-04-12,5.697,5.697,5.631,5.655
2024-04-15,5.667,5.758,5.667,5.75
2024-04-16,5.76,5.867,5.755,5.864
2024-04-17,5.861,5.861,5.764,5.79
2024-04-18,5.776,5.784,5.666,5.723
2024-04-19,5.729,5.862,5.72,5.849
2024-04-22,5.854,5.854,5.75,5.75
2024-04-23,5.742,5.784,5.729,5.747
2024-04-24,5.742,5.757,5.725,5.739
2024-04-25,5.739,5.822,5.691,5.812
2024-04-26,5.806,5.809,5.746,5.752
2024-04-29,5.75,5.75,5.678,5.704
2024-04-30,5.702,5.729,5.675,5.712
2024-05-02,5.712,5.712,5.61,5.675
2024-05-06,5.611,5.611,5.58,5.587
2024-05-07,5.595,5.607,5.558,5.568
2024-05-08,5.566,5.592,5.566,5.588
2024-05-09,5.585,5.619,5.581,5.593
2024-05-10,5.593,5.597,5.542,5.59
2024-05-13,5.588,5.657,5.588,5.649
2024-05-14,5.649,5.712,5.643,5.704
2024-05-15,5.713,5.713,5.635,5.636
2024-05-16,5.617,5.643,5.607,5.629
2024-05-17,5.639,5.672,5.638,5.663
2024-05-20,5.676,5.707,5.649,5.668
2024-05-21,5.669,5.682,5.655,5.667
2024-05-22,5.683,5.707,5.663,5.673
2024-05-23,5.679,5.741,5.669,5.732
2024-05-24,5.729,5.852,5.721,5.812
2024-05-27,5.812,5.824,5.799,5.803
2024-05-28,5.785,5.82,5.785,5.804
2024-05-29,5.839,5.839,5.728,5.755
2024-05-31,5.74,5.74,5.687,5.697
2024-06-03,5.696,5.7,5.572,5.617
2024-06-04,5.614,5.633,5.576,5.605
2024-06-05,5.607,5.633,5.575,5.595
2024-06-06,5.595,5.643,5.585,5.631
2024-06-07,5.633,5.696,5.594,5.675
2024-06-10,5.695,5.755,5.695,5.752
2024-06-11,5.733,5.742,5.712,5.736
2024-06-12,5.723,5.74,5.65,5.659
2024-06-13,5.655,5.72,5.64,5.708
2024-06-14,5.702,5.725,5.696,5.724
2024-06-17,5.737,5.772,5.737,5.769
2024-06-18,5.766,5.766,5.681,5.689
2024-06-19,5.74,5.781,5.725,5.772
2024-06-20,5.793,5.831,5.748,5.802
2024-06-21,5.784,5.784,5.748,5.768
2024-06-24,5.757,5.76,5.649,5.73
2024-06-25,5.716,5.729,5.633,5.714
2024-06-26,5.719,5.741,5.687,5.741
2024-06-27,5.752,5.763,5.693,5.722
2024-06-28,5.724,5.77,5.697,5.723
2024-07-01,5.742,5.8,5.742,5.8
2024-07-02,5.782,5.805,5.77,5.777
2024-07-03,5.78,5.78,5.727,5.744
2024-07-04,5.747,5.83,5.747,5.813
2024-07-05,5.829,5.87,5.772,5.799
2024-07-08,5.795,5.819,5.758,5.769
2024-07-09,5.771,5.79,5.749,5.773
2024-07-10,5.774,5.774,5.717,5.739
2024-07-11,5.713,5.732,5.684,5.684
2024-07-12,5.707,5.707,5.645,5.655
2024-07-15,5.662,5.662,5.579,5.623
2024-07-16,5.613,5.613,5.495,5.53
2024-07-17,5.529,5.539,5.458,5.532
2024-07-18,5.537,5.607,5.537,5.569
2024-07-19,5.571,5.637,5.552,5.637
2024-07-22,5.627,5.655,5.579,5.633
2024-07-23,5.653,5.653,5.601,5.631
2024-07-24,5.63,5.63,5.523,5.579
2024-07-25,5.579,5.631,5.524,5.609
2024-07-26,5.636,5.663,5.57,5.623
2024-07-29,5.619,5.619,5.559,5.595
2024-07-30,5.59,5.59,5.543,5.546
2024-07-31,5.535,5.535,5.408,5.409
2024-08-01,5.393,5.393,5.286,5.323
2024-08-02,5.315,5.325,5.157,5.165
2024-08-05,5.123,5.13,5.062,5.065
2024-08-06,5.058,5.126,5.058,5.109
2024-08-07,5.107,5.226,5.107,5.212
2024-08-08,5.219,5.271,5.166,5.256
2024-08-09,5.22,5.221,5.145,5.217
2024-08-12,5.236,5.275,5.186,5.22
2024-08-13,5.226,5.226,5.145,5.146
2024-08-14,5.155,5.158,5.127,5.158
2024-08-16,5.237,5.318,5.227,5.315
2024-08-19,5.312,5.395,5.243,5.379
2024-08-20,5.377,5.402,5.316,5.328
2024-08-21,5.322,5.335,5.219,5.314
2024-08-22,5.316,5.342,5.308,5.338
2024-08-23,5.34,5.36,5.268,5.299
2024-08-26,5.293,5.323,5.229,5.312
2024-08-27,5.316,5.378,5.3,5.368
2024-08-28,5.39,5.483,5.341,5.483
2024-08-29,5.485,5.576,5.438,5.506
2024-08-30,5.507,5.508,5.338,5.422
2024-09-02,5.448,5.472,5.374,5.469
2024-09-03,5.466,5.466,5.386,5.396
2024-09-04,5.363,5.363,5.315,5.319
2024-09-05,5.317,5.356,5.286,5.319
2024-09-06,5.314,5.315,5.2,5.258
2024-09-09,5.29,5.31,5.226,5.279
2024-09-10,5.305,5.305,5.197,5.267
2024-09-11,5.257,5.272,5.188,5.231
2024-09-12,5.231,5.27,5.224,5.262
2024-09-13,5.258,5.264,5.222,5.251
2024-09-16,5.25,5.258,5.169,5.257
2024-09-17,5.258,5.283,5.214,5.275
2024-09-18,5.277,5.306,5.219,5.306
2024-09-19,5.329,5.329,5.27,5.301
2024-09-20,5.302,5.357,5.295,5.355
2024-09-23,5.36,5.36,5.238,5.357
2024-09-24,5.372,5.408,5.368,5.368
2024-09-25,5.37,5.386,5.357,5.382
2024-09-26,5.341,5.349,5.281,5.305
2024-09-27,5.303,5.303,5.212,5.239
2024-09-30,5.235,5.274,5.211,5.245
2024-10-01,5.238,5.27,5.224,5.27
2024-10-02,5.28,5.339,5.28,5.323
2024-10-03,5.309,5.351,5.278,5.321
2024-10-04,5.317,5.408,5.299,5.408
2024-10-07,5.419,5.482,5.419,5.477
2024-10-08,5.476,5.476,5.355,5.451
2024-10-09,5.45,5.458,5.419,5.458
2024-10-10,5.453,5.482,5.452,5.477
2024-10-11,5.474,5.548,5.425,5.548
2024-10-14,5.511,5.593,5.511,5.587
2024-10-15,5.531,5.532,5.443,5.485
2024-10-16,5.432,5.545,5.43,5.545
2024-10-17,5.547,5.65,5.528,5.636
2024-10-18,5.699,5.699,5.536,5.581
2024-10-21,5.591,5.671,5.585,5.664
2024-10-22,5.74,5.778,5.692,5.757
2024-10-23,5.674,5.851,5.674,5.851
2024-10-24,5.821,5.821,5.756,5.758
2024-10-25,5.698,5.778,5.698,5.778
2024-10-28,5.778,5.837,5.778,5.813
2024-10-29,5.745,5.939,5.745,5.884
2024-10-30,5.809,5.973,5.771,5.954
2024-10-31,5.919,6.032,5.919,5.951
2024-11-04,5.984,5.992,5.742,5.742
2024-11-05,5.765,5.777,5.686,5.703
2024-11-06,5.692,5.855,5.692,5.81
2024-11-07,5.778,5.838,5.669,5.692
2024-11-08,5.628,5.726,5.616,5.659
2024-11-12,5.525,5.783,5.525,5.768
2024-11-13,5.772,5.778,5.715,5.733
2024-11-14,5.79,5.8,5.689,5.752
2024-11-15,5.72,5.728,5.652,5.695
2024-11-18,5.713,5.77,5.664,5.664
2024-11-19,5.74,5.74,5.621,5.661
2024-11-20,5.666,5.676,5.582,5.595
2024-11-21,5.602,5.613,5.526,5.526
2024-11-22,5.581,5.589,5.483,5.575
2024-11-25,5.546,5.604,5.498,5.587
2024-11-26,5.585,5.67,5.525,5.639
2024-11-27,5.607,5.626,5.545,5.618
2024-11-28,5.61,5.624,5.534,5.534
2024-11-29,5.557,5.578,5.474,5.516
2024-12-02,5.499,5.54,5.447,5.54
2024-12-03,5.559,5.589,5.451,5.556
2024-12-04,5.559,5.589,5.523,5.588
2024-12-05,5.59,5.752,5.581,5.669
2024-12-06,5.733,5.733,5.624,5.633
2024-12-09,5.624,5.668,5.587,5.641
2024-12-10,5.654,5.664,5.576,5.65
2024-12-11,5.645,5.684,5.617,5.655
2024-12-12,5.67,5.717,5.616,5.717
2024-12-13,5.71,5.801,5.681,5.8
2024-12-16,5.796,5.815,5.718,5.815
2024-12-17,5.838,5.894,5.837,5.86
2024-12-18,5.842,5.89,5.778,5.814
2024-12-19,5.857,5.912,5.845,5.89
2024-12-20,5.865,5.893,5.758,5.824
2024-12-23,5.852,5.853,5.748,5.843
2024-12-27,5.829,5.903,5.816,5.891
2024-12-30,5.812,5.93,5.812,5.883
2025-01-02,5.864,5.896,5.803,5.896
2025-01-03,5.882,5.938,5.813,5.916
2025-01-07,5.977,6.014,5.913,6.009
2025-01-08,5.972,5.977,5.926,5.968
2025-01-09,5.928,5.986,5.919,5.986
2025-01-10,6.012,6.057,5.979,6.031
2025-01-13,5.961,6.077,5.961,6.077
2025-01-14,5.983,6.117,5.983,6.117
2025-01-15,6.082,6.093,5.97,5.988
2025-01-16,6.02,6.039,5.876,5.876
2025-01-17,5.905,5.953,5.864,5.887
2025-01-20,5.882,5.986,5.882,5.965
2025-01-21,5.931,5.989,5.884,5.98
2025-01-22,5.931,5.94,5.814,5.842
2025-01-23,5.893,5.941,5.834,5.94
2025-01-24,5.946,5.961,5.897,5.916
2025-01-27,5.918,5.954,5.872,5.934
2025-01-28,5.931,5.947,5.854,5.929
2025-01-29,5.918,5.918,5.844,5.911
2025-01-30,5.899,5.899,5.814,5.861
2025-01-31,5.857,5.858,5.796,5.833
2025-02-03,5.822,5.877,5.81,5.848
2025-02-04,5.867,5.881,5.797,5.854
2025-02-05,5.852,5.852,5.792,5.847
2025-02-06,5.851,5.878,5.761,5.786
2025-02-07,5.788,5.816,5.738,5.801
2025-02-10,5.821,5.843,5.793,5.806
2025-02-11,5.814,5.89,5.765,5.88
2025-02-12,5.845,5.976,5.806,5.965
2025-02-13,5.909,5.909,5.775,5.849
2025-02-14,5.847,5.886,5.698,5.746
2025-02-17,5.757,5.807,5.727,5.806
2025-02-18,5.805,5.832,5.714,5.832
2025-02-19,5.83,5.889,5.774,5.852
2025-02-20,5.845,5.897,5.783,5.896
2025-02-21,5.86,5.903,5.78,5.885
2025-02-24,5.889,5.891,5.816,5.88
2025-02-25,5.86,5.86,5.801,5.845
2025-02-26,5.838,5.838,5.741,5.818
2025-02-27,5.809,5.85,5.705,5.794
2025-02-28,5.782,5.784,5.69,5.757
2025-03-03,5.751,5.823,5.741,5.811
2025-03-04,5.807,5.807,5.733,5.795
2025-03-05,5.887,5.902,5.759,5.893
2025-03-06,5.935,5.972,5.833,5.972
2025-03-07,5.95,5.979,5.887,5.964
2025-03-10,5.978,5.978,5.899,5.96
2025-03-11,5.963,5.981,5.892,5.963
2025-03-12,5.963,5.979,5.901,5.975
2025-03-13,5.98,5.985,5.917,5.928
2025-03-14,5.925,5.943,5.829,5.896
2025-03-17,5.865,5.872,5.8,5.87
2025-03-18,5.866,5.906,5.806,5.866
2025-03-19,5.841,5.892,5.793,5.89
2025-03-20,5.861,5.869,5.723,5.845
2025-03-21,5.844,5.844,5.755,5.831
2025-03-24,5.861,5.861,5.762,5.845
2025-03-25,5.858,5.867,5.803,5.82
2025-03-26,5.801,5.81,5.724,5.81
2025-03-27,5.794,5.84,5.764,5.838
2025-03-28,5.792,5.829,5.763,5.796
2025-03-31,5.766,5.769,5.69,5.725
2025-04-01,5.718,5.719,5.619,5.676
2025-04-02,5.686,5.7,5.62,5.7
2025-04-03,5.625,5.625,5.431,5.45
2025-04-04,5.365,5.365,5.125,5.294
2025-04-07,5.242,5.34,5.139,5.318
2025-04-08,5.344,5.387,5.274,5.375
2025-04-09,5.462,5.464,5.306,5.396
2025-04-10,5.438,5.458,5.247,5.284
2025-04-11,5.289,5.3,5.158,5.255
2025-04-14,5.227,5.251,5.171,5.235
2025-04-15,5.207,5.247,5.187,5.247
2025-04-16,5.248,5.272,5.198,5.26
2025-04-17,5.265,5.291,5.186,5.219
2025-04-22,5.219,5.22,5.111,5.194
2025-04-23,5.155,5.262,5.152,5.262
2025-04-24,5.23,5.285,5.226,5.285
2025-04-25,5.285,5.3,5.214,5.265
2025-04-28,5.279,5.302,5.236,5.279
2025-04-29,5.261,5.261,5.158,5.217
2025-04-30,5.217,5.237,5.152,5.203
2025-05-02,5.172,5.237,5.159,5.237
2025-05-05,5.172,5.323,5.172,5.315
2025-05-06,5.315,5.32,5.188,5.269
2025-05-07,5.262,5.262,5.157,5.25
2025-05-08,5.266,5.328,5.207,5.288
2025-05-09,5.303,5.368,5.303,5.357
2025-05-12,5.387,5.432,5.363,5.426
2025-05-13,5.444,5.454,5.383,5.422
2025-05-14,5.427,5.449,5.351,5.447
2025-05-15,5.443,5.453,5.392,5.401
2025-05-16,5.353,5.445,5.323,5.44
2025-05-19,5.479,5.574,5.479,5.508
2025-05-20,5.499,5.508,5.406,5.481
2025-05-21,5.491,5.53,5.464,5.486
2025-05-22,5.495,5.559,5.473,5.538
2025-05-23,5.533,5.601,5.491,5.565
2025-05-26,5.568,5.589,5.551,5.579
2025-05-27,5.571,5.571,5.508,5.567
2025-05-28,5.545,5.595,5.507,5.556
2025-05-29,5.574,5.574,5.422,5.464
2025-05-30,5.423,5.423,5.362,5.387
2025-06-02,5.384,5.522,5.384,5.439
2025-06-03,5.444,5.546,5.4,5.535
2025-06-04,5.542,5.583,5.482,5.525
2025-06-05,5.524,5.571,5.491,5.57
2025-06-06,5.58,5.615,5.498,5.615
2025-06-09,5.584,5.668,5.583,5.668
2025-06-10,5.652,5.652,5.576,5.614
2025-06-11,5.628,5.637,5.566,5.596
2025-06-12,5.596,5.596,5.509,5.55
2025-06-13,5.541,5.611,5.541,5.594
2025-06-16,5.613,5.63,5.584,5.609
2025-06-17,5.606,5.626,5.575,5.626
2025-06-18,5.65,5.657,5.598,5.626
2025-06-20,5.599,5.685,5.56,5.674
2025-06-23,5.701,5.706,5.612,5.65
2025-06-24,5.629,5.629,5.502,5.525
2025-06-25,5.509,5.509,5.469,5.501
2025-06-26,5.471,5.479,5.439,5.479
2025-06-27,5.481,5.521,5.464,5.495
2025-06-30,5.491,5.491,5.427,5.448
2025-07-01,5.428,5.453,5.377,5.446
2025-07-02,5.45,5.46,5.378,5.396
2025-07-03,5.342,5.419,5.314,5.342
2025-07-04,5.301,5.318,5.266,5.31
2025-07-07,5.309,5.365,5.282,5.357
2025-07-08,5.351,5.405,5.348,5.404
2025-07-09,5.381,5.403,5.343,5.371
2025-07-10,5.346,5.359,5.325,5.358
2025-07-11,5.34,5.357,5.322,5.33
2025-07-14,5.332,5.388,5.331,5.388
2025-07-15,5.385,5.396,5.335,5.396
2025-07-16,5.398,5.43,5.379,5.422
2025-07-17,5.429,5.442,5.405,5.435
2025-07-18,5.438,5.438,5.392,5.426
2025-07-21,5.43,5.43,5.355,5.406
2025-07-22,5.406,5.407,5.302,5.335
2025-07-23,5.46,5.46,5.415,5.448
2025-07-24,5.479,5.495,5.454,5.491
2025-07-25,5.493,5.507,5.477,5.501
2025-07-28,5.497,5.497,5.405,5.422
2025-07-29,5.43,5.43,5.384,5.422
2025-07-30,5.422,5.45,5.385,5.45
2025-07-31,5.432,5.519,5.431,5.499
2025-08-01,5.508,5.566,5.418,5.453
2025-08-04,5.492,5.492,5.419,5.44
2025-08-05,5.419,5.458,5.418,5.443
2025-08-06,5.472,5.476,5.429,5.462
2025-08-07,5.464,5.467,5.372,5.406
2025-08-08,5.414,5.445,5.405,5.42
2025-08-11,5.4,5.414,5.375,5.414
2025-08-12,5.4,5.431,5.38,5.431
2025-08-13,5.418,5.418,5.36,5.385
2025-08-14,5.376,5.396,5.332,5.396
2025-08-18,5.437,5.437,5.437,5.437
2025-08-19,5.443,5.45,5.409,5.431
2025-08-20,5.428,5.433,5.408,5.427
2025-08-21,5.409,5.453,5.395,5.441
2025-08-22,5.452,5.461,5.4,5.416
2025-08-25,5.448,5.448,5.411,5.438
2025-08-26,5.438,5.438,5.399,5.427
2025-08-27,5.428,5.466,5.407,5.464
2025-08-28,5.436,5.558,5.434,5.55
2025-08-29,5.546,5.563,5.516,5.558
2025-09-01,5.56,5.601,5.508,5.538
2025-09-02,5.539,5.558,5.5,5.522
2025-09-03,5.526,5.554,5.461,5.527
2025-09-04,5.522,5.553,5.505,5.523
2025-09-05,5.497,5.497,5.442,5.442
2025-09-08,5.477,5.477,5.367,5.448
2025-09-09,5.452,5.478,5.429,5.46
2025-09-10,5.473,5.508,5.462,5.497
2025-09-11,5.527,5.527,5.447,5.469
2025-09-12,5.498,5.498,5.451,5.489
2025-09-15,5.468,5.496,5.463,5.496
2025-09-16,5.5,5.522,5.473,5.506
2025-09-17,5.483,5.517,5.438,5.516
2025-09-18,5.522,5.527,5.464,5.517
2025-09-19,5.514,5.534,5.497,5.511
2025-09-22,5.523,5.541,5.476,5.483
2025-09-23,5.496,5.509,5.464,5.497
2025-09-24,5.493,5.503,5.467,5.5
2025-09-25,5.513,5.549,5.481,5.532
2025-09-26,5.569,5.577,5.519,5.557
2025-09-29,5.541,5.543,5.511,5.543
2025-09-30,5.544,5.55,5.464,5.466
2025-10-01,5.498,5.501,5.467,5.494
2025-10-02,5.489,5.512,5.455,5.504
2025-10-03,5.494,5.519,5.469,5.518
2025-10-06,5.532,5.547,5.494,5.546
2025-10-07,5.549,5.549,5.503,5.526
2025-10-08,5.504,5.522,5.453,5.501
2025-10-09,5.486,5.502,5.459,5.491
2025-10-10,5.472,5.472,5.432,5.463
2025-10-13,5.451,5.468,5.405,5.416
2025-10-14,5.437,5.437,5.385,5.431
2025-10-15,5.421,5.426,5.388,5.426
2025-10-16,5.427,5.427,5.387,5.426
2025-10-17,5.399,5.426,5.357,5.426
2025-10-20,5.422,5.422,5.372,5.403
2025-10-21,5.402,5.402,5.346,5.371
2025-10-22,5.343,5.367,5.316,5.349
2025-10-23,5.358,5.396,5.337,5.371
2025-10-24,5.382,5.429,5.367,5.39
2025-10-27,5.392,5.414,5.381,5.413
2025-10-28,5.396,5.396,5.361,5.361
2025-10-29,5.362,5.414,5.314,5.409
2025-10-30,5.432,5.436,5.391,5.43
2025-10-31,5.409,5.458,5.33,5.375
2025-11-03,5.362,5.368,5.309,5.349
2025-11-04,5.315,5.333,5.29,5.329
2025-11-05,5.301,5.323,5.274,5.321
2025-11-06,5.326,5.351,5.281,5.351
2025-11-07,5.357,5.357,5.287,5.328
2025-11-10,5.316,5.339,5.294,5.338
2025-11-12,5.308,5.359,5.303,5.343
2025-11-13,5.316,5.342,5.296,5.338
2025-11-14,5.338,5.361,5.313,5.351
2025-11-17,5.325,5.352,5.305,5.352
2025-11-18,5.309,5.346,5.301,5.346
2025-11-19,5.339,5.383,5.32,5.383
2025-11-20,5.351,5.4,5.351,5.389
2025-11-21,5.37,5.378,5.32,5.373
2025-11-24,5.336,5.351,5.265,5.297
2025-11-25,5.276,5.28,5.206,5.242
2025-11-26,5.249,5.275,5.194,5.275
2025-11-27,5.256,5.258,5.208,5.208
2025-11-28,5.237,5.247,5.139,5.18
2025-12-01,5.156,5.2,5.156,5.2
2025-12-02,5.194,5.216,5.177,5.206
2025-12-03,5.182,5.214,5.178,5.196
2025-12-04,5.184,5.192,5.154,5.192
2025-12-05,5.196,5.213,5.17,5.185
2025-12-08,5.216,5.255,5.205,5.249
2025-12-09,5.242,5.26,5.224,5.26
2025-12-10,5.269,5.318,5.256,5.298
2025-12-11,5.256,5.303,5.251,5.292
2025-12-12,5.269,5.321,5.269,5.319
2025-12-15,5.3,5.322,5.29,5.318
2025-12-16,5.308,5.327,5.283,5.311
2025-12-17,5.304,5.326,5.272,5.298
2025-12-18,5.272,5.29,5.235,5.263
2025-12-19,5.245,5.247,5.213,5.235
2025-12-22,5.213,5.22,5.16,5.219
2025-12-23,5.164,5.2,5.161,5.2
2025-12-29,5.183,5.183,5.144,5.174
2025-12-30,5.151,5.196,5.148,5.196
